/*
SQLyog Ultimate v11.24 (32 bit)
MySQL - 5.6.25-log : Database - dianping
*********************************************************************
*/

/*!40101 SET NAMES utf8 */;

/*!40101 SET SQL_MODE=''*/;

/*!40014 SET @OLD_UNIQUE_CHECKS=@@UNIQUE_CHECKS, UNIQUE_CHECKS=0 */;
/*!40014 SET @OLD_FOREIGN_KEY_CHECKS=@@FOREIGN_KEY_CHECKS, FOREIGN_KEY_CHECKS=0 */;
/*!40101 SET @OLD_SQL_MODE=@@SQL_MODE, SQL_MODE='NO_AUTO_VALUE_ON_ZERO' */;
/*!40111 SET @OLD_SQL_NOTES=@@SQL_NOTES, SQL_NOTES=0 */;
CREATE DATABASE /*!32312 IF NOT EXISTS*/`dianping` /*!40100 DEFAULT CHARACTER SET utf8 */;

USE `dianping`;

/*Table structure for table `foot` */

DROP TABLE IF EXISTS `foot`;

CREATE TABLE `foot` (
  `id` int(11) NOT NULL DEFAULT '0',
  `footname` char(20) DEFAULT NULL,
  PRIMARY KEY (`id`)
) ENGINE=InnoDB DEFAULT CHARSET=utf8;

/*Data for the table `foot` */

insert  into `foot`(`id`,`footname`) values (0,'dianping'),(1,'上海一日游'),(2,'随便游'),(3,'上海美食'),(4,'点评美食'),(5,'上海美食'),(6,'长宁美食'),(7,'松江美食'),(8,'浦东美食'),(9,'上海美食'),(10,'虹口美食'),(11,'机场美食'),(12,'有特色的店'),(13,'新天地攻略'),(14,'好吃的'),(15,'我的美食足迹');

/*Table structure for table `footshop` */

DROP TABLE IF EXISTS `footshop`;

CREATE TABLE `footshop` (
  `fid` int(11) DEFAULT NULL,
  `shopid` int(11) DEFAULT NULL,
  `priority` int(11) DEFAULT NULL
) ENGINE=InnoDB DEFAULT CHARSET=utf8;

/*Data for the table `footshop` */

insert  into `footshop`(`fid`,`shopid`,`priority`) values (0,500000,0),(0,500164,1),(0,500054,2),(1,500000,0),(1,500164,1),(1,500054,2),(2,500000,0),(2,500164,1),(2,500054,2),(3,500000,0),(3,500164,1),(3,500054,2),(4,500000,0),(4,500164,1),(4,500054,2),(5,500000,0),(5,500164,1),(5,500054,2),(6,500000,0),(6,500164,1),(6,500054,2),(7,500000,0),(7,500164,1),(7,500054,2),(8,500000,0),(8,500164,1),(8,500054,2),(9,500000,0),(9,500164,1),(9,500054,2),(10,500000,0),(10,500164,1),(10,500054,2),(11,500000,0),(11,500164,1),(11,500054,2),(12,500000,0),(12,500164,1),(12,500054,2),(13,500000,0),(13,500164,1),(13,500054,2),(14,500000,0),(14,500164,1),(14,500054,2),(15,500000,0),(15,500164,1),(15,500054,2),(0,500222,3),(0,500212,4),(0,500174,5),(1,500222,3),(1,500212,4),(1,500174,5),(2,500222,3),(2,500212,4),(2,500174,5),(3,500222,3),(3,500212,4),(3,500174,5),(4,500222,3),(4,500212,4),(4,500174,5),(5,500222,3),(5,500212,4),(5,500174,5),(6,500222,3),(6,500212,4),(6,500174,5),(7,500222,3),(7,500212,4),(7,500174,5),(8,500222,3),(8,500212,4),(8,500174,5),(9,500222,3),(9,500212,4),(9,500174,5),(10,500222,3),(10,500212,4),(10,500174,5),(11,500222,3),(11,500212,4),(11,500174,5),(12,500222,3),(12,500212,4),(12,500174,5),(13,500222,3),(13,500212,4),(13,500174,5),(14,500222,3),(14,500212,4),(14,500174,5),(15,500222,3),(15,500212,4),(15,500174,5);

/*Table structure for table `review` */

DROP TABLE IF EXISTS `review`;

CREATE TABLE `review` (
  `shopid` int(11) DEFAULT NULL,
  `userid` int(11) DEFAULT NULL,
  `star` int(11) DEFAULT NULL
) ENGINE=InnoDB DEFAULT CHARSET=utf8;

/*Data for the table `review` */

insert  into `review`(`shopid`,`userid`,`star`) values (500000,3362604,40),(500000,7000094,50),(500000,11616741,40),(500000,41152356,50),(500000,30582167,40),(500000,91751571,40),(500000,85474939,40),(500000,11616741,40),(500000,2924124,40),(500000,189382190,50),(500018,641821,50),(500018,2361937,50),(500018,343419,50),(500018,47692919,50),(500018,6127400,50),(500018,14471995,40),(500018,5044959,40),(500018,1640233,40),(500018,3134174,50),(500018,49620190,50),(500018,720510454,40),(500018,25275935,40),(500018,668858,50),(500018,860107,50),(500018,15744541,50),(500018,289582,50),(500018,27151656,40),(500018,313334,50),(500018,55172528,50),(500018,40304905,40),(500018,116464,50),(500018,43582445,40),(500028,134688,40),(500028,15356389,50),(500028,928329,40),(500028,184113880,40),(500028,342511,40),(500028,15422863,40),(500028,40045483,50),(500028,533510,40),(500028,27779866,40),(500028,15124876,50),(500028,1301370,40),(500028,47905912,50),(500028,20506849,50),(500028,33658670,40),(500028,49117980,40),(500028,13757701,50),(500028,807908,40),(500028,727895,40),(500028,42877127,50),(500028,84665,40),(500028,181658,40),(500028,789588924,50),(500028,2619809,40),(500028,85738004,50),(500046,118660,40),(500046,8843644,40),(500046,71965,40),(500046,42663255,50),(500046,7430779,40),(500046,6366962,40),(500046,26334820,40),(500046,2651779,50),(500046,11654927,40),(500046,2512340,50),(500046,47510261,40),(500046,1780004,40),(500046,45470219,40),(500046,4510115,50),(500046,1246756,50),(500046,6135581,50),(500046,1701112,40),(500046,573651,50),(500046,2718103,50),(500046,15132975,50),(500046,37181,40),(500046,3288903,50),(500046,182999069,50),(500046,2557906,50),(500046,39846378,50),(500046,2709340,50),(500046,2821363,50),(500046,4005280,40),(500046,760886053,50),(500046,5538989,40),(500054,790981927,40),(500054,27549740,50),(500054,118137177,40),(500054,768210200,50),(500054,789588924,50),(500058,38323035,40),(500058,2172084,40),(500058,3238129,40),(500058,6853863,50),(500058,114073458,40),(500058,4840226,40),(500058,1160837,40),(500058,53487514,40),(500058,69851432,50),(500058,89819,40),(500058,7866349,40),(500058,2871964,40),(500058,2909,40),(500058,51153,50),(500058,875795,40),(500058,17409962,50),(500058,174906117,40),(500058,1854743,50),(500058,1665918,40),(500058,4303333,50),(500058,53653089,40),(500058,3103138,50),(500058,2042665,40),(500058,24860761,50),(500058,3884563,50),(500058,847294,40),(500058,1713414,50),(500058,166510979,50),(500058,17028440,50),(500058,1025995,40),(500058,7927365,50),(500058,1083237,40),(500058,18613257,40),(500058,8173591,50),(500058,8864152,50),(500058,12778885,40),(500058,7173614,50),(500058,13886379,40),(500058,753351566,50),(500058,64357917,40),(500058,7623948,50),(500058,136395074,50),(500058,204629,40),(500058,780520570,40),(500058,4897815,50),(500058,35842155,40),(500058,135882201,50),(500058,5330291,50),(500058,253783,40),(500058,801794,40),(500058,38458257,40),(500058,4664662,40),(500058,53410327,40),(500058,26759,50),(500058,2118310,40),(500058,26826367,40),(500058,617917,50),(500058,35749076,40),(500058,6112894,40),(500058,28507989,50),(500058,16066290,40),(500058,110416712,40),(500058,8414681,50),(500058,90751558,40),(500058,1062110,50),(500058,459517,50),(500058,24706322,40),(500058,2973380,50),(500058,31974730,40),(500058,37866293,50),(500058,5336737,40),(500058,23250974,50),(500058,34339382,50),(500058,987350,40),(500058,462606,40),(500058,12777449,50),(500058,36143019,40),(500058,18549129,40),(500058,426942,40),(500058,12777449,50),(500058,866098,40),(500058,848157,40),(500058,505629,50),(500058,1711463,40),(500058,6713289,40),(500058,36303421,50),(500058,33358914,50),(500058,53195196,50),(500058,10241031,40),(500058,258979,40),(500058,6481789,40),(500058,151704,40),(500058,763247419,40),(500058,190043412,50),(500058,77663952,40),(500058,742883,40),(500058,2522160,40),(500058,3891863,50),(500058,2197755,40),(500058,2882459,40),(500058,2941768,50),(500058,81021145,40),(500058,2802769,40),(500058,2573918,50),(500058,26402058,40),(500058,19044098,50),(500058,171226,40),(500058,4133135,50),(500058,3185860,40),(500058,53930806,40),(500058,23254429,40),(500058,6147444,50),(500058,41258665,50),(500058,8586476,40),(500058,1183832,40),(500058,56110487,40),(500058,7453136,40),(500058,103728172,40),(500058,727235,50),(500058,27386328,40),(500058,2111519,40),(500058,72136,40),(500058,50068751,40),(500058,4456228,50),(500058,7534707,50),(500058,2556805,40),(500058,22601791,40),(500058,32626410,40),(500058,23255,40),(500058,6275830,50),(500058,8608769,50),(500058,110640814,40),(500058,1384888,40),(500058,9264256,40),(500058,56635045,50),(500058,6499776,40),(500058,6255886,50),(500058,4056415,50),(500058,60717310,50),(500058,6893404,50),(500058,499759025,50),(500058,5081362,50),(500058,750420044,50),(500058,173092318,40),(500058,2768446,40),(500058,3124102,40),(500058,184265016,40),(500058,68432410,40),(500058,698396,40),(500058,1834327,40),(500058,6104266,40),(500058,3429957,40),(500058,148403413,50),(500058,41439116,40),(500058,13813,40),(500058,77669,40),(500058,53924318,50),(500058,1032551,40),(500058,66211157,50),(500058,53594,40),(500058,2234555,40),(500058,58375332,50),(500058,2431121,40),(500058,31540021,50),(500058,10466649,50),(500058,3878774,50),(500058,26969434,50),(500058,8836032,50),(500058,5450374,50),(500058,5555956,40),(500058,4134772,50),(500058,242884,40),(500058,8228798,50),(500058,481154,50),(500058,278527,50),(500058,109626328,40),(500058,62105971,40),(500058,5248085,50),(500058,8005332,40),(500058,3685966,40),(500058,75724,40),(500058,3429715,40),(500058,13458519,50),(500058,21985683,50),(500058,171055780,40),(500058,2911106,40),(500058,1096137,40),(500058,27771060,40),(500058,262058,40),(500058,3646334,40),(500058,29117559,50),(500058,20917738,40),(500058,38836148,40),(500058,13414,40),(500058,99066073,50),(500058,6129880,50),(500058,6761194,50),(500058,7505246,50),(500058,12750781,50),(500058,32048,50),(500058,49925558,50),(500058,638367,50),(500058,532781,40),(500058,19107610,40),(500058,2422814,40),(500058,749899,40),(500058,5994254,40),(500058,34669850,40),(500058,19939404,50),(500058,4236561,50),(500058,119826471,50),(500058,20252041,40),(500058,2522383,50),(500058,3914442,40),(500058,3985246,40),(500058,252555058,40),(500058,4319505,50),(500058,287981,40),(500058,4486550,50),(500058,5192594,50),(500058,27582748,50),(500058,1672656,50),(500058,14099082,40),(500058,6751499,40),(500058,4174701,40),(500058,144337532,50),(500058,6202848,40),(500058,4853201,40),(500058,5308573,40),(500070,8164339,40),(500070,981284,40),(500070,38275887,50),(500070,87701639,50),(500070,4599957,50),(500070,28288369,50),(500070,5951458,50),(500070,111906588,50),(500070,15582195,50),(500070,118814456,40),(500070,34846460,50),(500070,1848395,40),(500070,20870692,50),(500070,354397,50),(500070,59245963,40),(500070,27861583,40),(500070,2884744,50),(500070,10321427,50),(500070,44640860,50),(500070,6897378,50),(500070,59180104,40),(500070,4944586,40),(500070,2479642,40),(500070,7050257,50),(500070,721362467,50),(500070,56803450,50),(500070,8291461,50),(500070,2386907,40),(500070,788308245,50),(500070,33343418,50),(500070,3895276,50),(500070,5949168,50),(500070,24379346,50),(500070,775053208,50),(500070,25315507,40),(500102,38019520,40),(500102,35136784,50),(500102,6584839,50),(500102,36920205,50),(500102,952597,50),(500102,161279122,40),(500102,13910295,50),(500102,25250658,40),(500102,711311580,50),(500102,28884214,50),(500102,36265872,50),(500102,461702,50),(500102,11507959,40),(500102,17683335,50),(500102,10976776,50),(500102,3370080,50),(500102,110037510,50),(500102,17785334,50),(500102,2786312,50),(500102,14309496,40),(500102,760514604,50),(500102,188469793,50),(500102,3683947,50),(500102,202624683,50),(500102,768493388,50),(500102,20388545,50),(500102,839925,40),(500102,165887,40),(500102,140884408,50),(500102,22296809,50),(500102,1220005,40),(500102,99136862,50),(500102,130840442,50),(500102,3351025,50),(500102,76829709,50),(500102,4391080,40),(500102,14774116,50),(500102,4737900,50),(500102,3468239,50),(500132,4621528,50),(500132,127703211,50),(500132,6712781,40),(500132,6709778,40),(500132,5116540,50),(500132,53334541,40),(500132,13404425,40),(500132,110556589,50),(500132,4649646,50),(500132,21165346,50),(500132,4503580,40),(500132,17664581,40),(500132,3907743,50),(500132,35662490,50),(500132,679611,50),(500132,593992,40),(500132,107833870,50),(500132,24840704,40),(500132,4428262,40),(500132,28390235,40),(500132,18968631,50),(500132,2079807,50),(500132,5231625,40),(500132,78634,50),(500132,41998234,40),(500132,18516986,50),(500132,30617479,50),(500132,40999755,40),(500132,21411531,40),(500132,308719,50),(500132,36120,50),(500132,767883351,50),(500132,728559,40),(500132,1671718,40),(500132,45695853,50),(500132,46512,50),(500132,20404176,50),(500132,1106394,50),(500132,25031948,40),(500132,19885250,40),(500132,720141089,50),(500132,2580791,50),(500132,53422814,40),(500132,1466665,40),(500132,1863690,40),(500132,38128,40),(500132,51752879,40),(500132,771491,40),(500132,113056715,40),(500132,25709114,50),(500132,11590025,50),(500132,51883800,40),(500132,25197927,50),(500142,7022533,40),(500142,337866,50),(500142,5398991,40),(500142,13789652,40),(500142,39600643,40),(500142,14624589,50),(500142,19841082,50),(500146,16081906,40),(500146,12388502,40),(500146,193711617,40),(500146,23323591,40),(500146,5583408,50),(500146,34162222,50),(500146,130821954,50),(500146,15002331,40),(500156,152618252,40),(500156,6356751,50),(500156,54280624,50),(500156,2782310,50),(500156,5590650,40),(500156,1663269,50),(500156,76645,40),(500156,55746780,50),(500156,2107302,50),(500156,15909423,50),(500156,9562558,50),(500156,25088917,50),(500156,40153777,50),(500156,57256667,50),(500156,2504900,40),(500156,3924214,40),(500156,52017755,40),(500156,63719928,50),(500156,3052907,40),(500156,695648,40),(500156,15766990,40),(500156,15354445,40),(500156,21225278,50),(500156,5654901,40),(500156,26842364,40),(500156,77763521,40),(500156,23623926,40),(500156,24206616,50),(500156,141686731,50),(500156,29399981,50),(500156,38479105,50),(500156,44024346,50),(500156,122493520,50),(500156,43890357,50),(500156,6182091,50),(500156,18496658,50),(500156,143599152,40),(500156,1415401,40),(500156,50370800,50),(500156,6778241,40),(500156,76645,40),(500156,176160011,40),(500156,2057049,40),(500156,23658,40),(500156,8968135,40),(500156,15741817,40),(500156,4710931,50),(500164,18674955,50),(500164,5759300,50),(500164,187155532,40),(500164,26714147,50),(500164,189598760,50),(500164,2559847,50),(500164,51037765,50),(500164,123889046,50),(500164,34120455,40),(500164,52120116,50),(500164,755093339,50),(500164,3525063,40),(500164,112573229,50),(500164,148270881,50),(500164,1968389,50),(500164,22936233,50),(500164,54878747,40),(500164,33226545,40),(500164,526836,40),(500164,30517398,50),(500164,7955576,50),(500164,63145144,50),(500164,83394172,40),(500164,119990119,40),(500164,7989138,40),(500164,101835743,50),(500164,45275264,40),(500164,4578266,50),(500164,2425636,50),(500164,756928926,40),(500164,26191523,50),(500164,27126809,40),(500164,14088073,40),(500164,33785150,50),(500164,7511375,40),(500164,20189265,50),(500174,1147326,50),(500174,39171566,50),(500174,2751674,50),(500174,1699934,50),(500174,38257920,50),(500174,15165702,50),(500174,591980,50),(500174,506876,40),(500174,17585227,50),(500174,20114361,40),(500174,350198,50),(500174,125915807,40),(500174,4118709,40),(500174,34598066,40),(500174,30033432,50),(500174,1175737,50),(500174,3078848,50),(500174,97985066,40),(500174,4298860,50),(500174,8966532,50),(500174,1848150,40),(500174,133142810,50),(500174,4415644,50),(500174,760363352,50),(500174,50858023,40),(500174,96200084,40),(500174,4165275,50),(500174,2983205,40),(500174,21814137,50),(500174,23940135,40),(500174,6032102,40),(500174,24494723,50),(500174,7848315,50),(500174,143948802,40),(500174,3436103,40),(500174,1103944,40),(500174,754266065,50),(500174,121097083,50),(500174,7468757,40),(500174,19003283,50),(500174,14299049,40),(500174,127527,40),(500174,28773006,40),(500174,41277290,40),(500174,46917404,50),(500174,42750092,40),(500174,3653600,50),(500174,115437143,50),(500174,5350700,50),(500174,3395990,40),(500174,25621096,40),(500174,4480678,40),(500174,46524992,50),(500174,27499957,50),(500174,44171261,50),(500174,743537,50),(500174,88101034,50),(500174,47305033,50),(500174,1774817,40),(500174,1027971,50),(500174,23861511,50),(500174,6396,40),(500174,27573185,40),(500174,41704937,50),(500174,2274243,50),(500174,6178223,40),(500174,118149173,50),(500174,1469411,40),(500174,89927583,50),(500174,858795,50),(500174,753807396,40),(500174,3426708,40),(500174,43215671,50),(500174,15921,50),(500174,5921616,40),(500174,42573082,40),(500174,3644896,50),(500174,325952059,50),(500174,28137533,50),(500174,479317,50),(500174,20928093,40),(500174,7343496,40),(500174,137582341,50),(500174,10495064,40),(500174,6695864,50),(500174,8679393,40),(500174,36287097,50),(500174,7260681,40),(500174,61136363,50),(500174,11474052,50),(500174,195126517,50),(500174,13084089,40),(500174,7098152,50),(500174,173117457,50),(500174,40284486,50),(500174,4932452,50),(500174,13928762,40),(500174,28773006,50),(500174,5635974,50),(500174,11569950,50),(500174,35943769,50),(500174,13887363,50),(500174,35199679,50),(500174,178019,50),(500174,23940135,40),(500174,21572539,50),(500174,376019,50),(500174,6355333,40),(500174,37419485,40),(500174,111680649,50),(500174,54947097,40),(500194,6447975,50),(500194,13927901,40),(500194,21161250,40),(500194,14953633,40),(500212,2067959,40),(500212,755550485,50),(500212,3259432,50),(500212,750492,50),(500212,28109973,40),(500212,34551575,50),(500212,58963170,40),(500212,5387108,40),(500212,3154286,50),(500212,7987722,50),(500212,228227,40),(500212,20614620,50),(500212,51364,50),(500212,28415529,50),(500212,3502153,40),(500212,2879379,50),(500212,743521,40),(500212,4461777,40),(500212,772811709,40),(500212,18532062,50),(500212,231865980,40),(500212,3934127,40),(500212,27015421,50),(500212,39685580,50),(500212,855673,40),(500212,2177626,50),(500212,758682795,40),(500212,59848521,50),(500212,2267016,50),(500212,931247,40),(500212,4919867,40),(500212,162459146,50),(500212,7905462,50),(500212,184101745,50),(500212,188933791,40),(500212,2935788,40),(500212,35921681,40),(500212,72682,50),(500212,23408328,40),(500212,830047,50),(500212,1809125,40),(500212,580291923,50),(500212,39452627,50),(500212,2103001,50),(500212,25935456,40),(500212,3516681,50),(500212,206978,40),(500212,52243580,40),(500212,4857531,40),(500212,48200056,40),(500212,33358914,50),(500212,189915736,40),(500212,31656416,40),(500212,1829558,50),(500212,762208774,50),(500212,193623864,40),(500212,21154755,40),(500212,5487516,40),(500212,148331000,40),(500212,9121904,50),(500212,40893532,50),(500212,224554,50),(500212,178216498,40),(500212,14337738,40),(500212,407812,50),(500212,763150339,40),(500212,9656450,50),(500212,4391530,40),(500212,185707880,40),(500212,13992374,50),(500212,288147,40),(500212,52062332,40),(500212,280234,40),(500212,1175702,40),(500212,844697,40),(500212,2788207,40),(500212,52725826,50),(500212,35611255,40),(500212,4715355,50),(500212,1118028,50),(500212,41333839,50),(500212,55831202,50),(500212,3936292,40),(500212,2503755,50),(500212,26695273,40),(500212,11729092,50),(500212,58151785,40),(500212,732265,40),(500212,30551590,40),(500212,4709455,40),(500212,31194446,40),(500212,29951245,50),(500212,6045653,40),(500212,3874449,50),(500212,121572809,50),(500212,335278,40),(500212,2955797,40),(500212,28886877,40),(500212,4521542,50),(500212,792209034,40),(500212,124805248,50),(500212,999112,40),(500212,6153988,40),(500218,2080294,40),(500218,5033404,50),(500218,179786994,50),(500218,184128178,40),(500218,9922548,40),(500218,43516738,40),(500218,9522776,50),(500218,4290416,50),(500218,38047988,40),(500218,21257382,50),(500218,10618861,40),(500218,4187369,50),(500218,31568371,50),(500218,126547102,50),(500218,3632991,50),(500218,91442615,50),(500218,63212,40),(500218,4643224,50),(500218,8638523,40),(500218,87942604,50),(500218,49222748,40),(500218,2354047,50),(500218,556137965,50),(500218,795194895,40),(500218,5857125,40),(500218,6349412,50),(500218,28143835,50),(500218,5404322,50),(500218,4447793,50),(500218,446583,40),(500218,122979878,50),(500218,4700131,50),(500218,1909149,40),(500218,5947330,50),(500218,49735209,50),(500218,890006,40),(500218,190471250,40),(500218,157489124,50),(500218,508505,50),(500218,17484553,40),(500218,318037,40),(500218,701093,50),(500218,875737,50),(500218,3660665,50),(500218,6211943,50),(500218,3751606,40),(500218,8313451,50),(500218,177810,50),(500218,68635547,40),(500218,7341015,50),(500218,144019827,40),(500218,4638387,40),(500218,466674,40),(500218,57506128,50),(500218,14764117,50),(500218,42692947,40),(500222,2103707,40),(500222,3893759,50),(500222,461404687,50),(500222,63073409,50),(500222,34196858,40),(500222,43437214,50),(500222,40972027,50),(500222,27192219,40),(500222,4791317,50),(500222,23214990,40),(500222,454389,50),(500222,97991913,40),(500222,125028040,50),(500222,228747,40),(500222,2149950,40),(500222,34522047,50),(500222,7204626,50),(500222,4702190,40),(500222,4690663,40),(500222,97991913,40),(500222,711992,40),(500222,207105,50),(500222,49019443,50),(500222,92996673,40),(500222,2403797,50),(500222,755516029,50),(500222,10604921,50),(500222,461404687,50),(500222,3275195,40),(500222,53940015,40),(500222,249989,50),(500222,24347819,50),(500222,37175386,40),(500222,20415821,50),(500222,34522047,50),(500222,37175386,40),(500222,2533208,40),(500222,3284402,40),(500222,266784602,50),(500222,47155975,50),(500222,4993902,40),(500222,9343806,50),(500222,461404687,50),(500222,1097353,50),(500222,29810813,50),(500222,461404687,50),(500222,770725485,50),(500222,4947222,50),(500222,519572,40),(500222,5264727,50),(500222,25413029,40),(500222,5913878,40),(500222,2713678,50),(500222,4905959,40),(500222,1509764,40),(500222,179625865,50),(500222,1300280,50),(500222,6593974,50),(500222,1022787,50),(500222,27868223,40),(500222,368387,40),(500222,755508535,50),(500222,21408456,50),(500222,3851428,40),(500222,50771642,50),(500222,20273268,40),(500222,5913878,40),(500222,6612081,50),(500222,136912741,50),(500222,35877788,40),(500222,31588335,40),(500222,22501681,40),(500222,3548480,40),(500222,435926,50),(500222,209784,40),(500222,266784602,50),(500222,27039242,50),(500222,34522047,50),(500222,69666930,40),(500222,57530749,40),(500222,6370479,40),(500222,125028040,50),(500222,6367744,50),(500222,2866808,40),(500222,24132269,50),(500222,17863823,40),(500222,1977904,50),(500222,266784602,50),(500222,2402533,50),(500222,772160,40),(500222,725889,40),(500222,52499111,40),(500222,755508535,50),(500222,24314959,40),(500222,2362015,50),(500222,3207197,50),(500222,32061840,40),(500222,3514632,50),(500222,33945,40),(500222,2931873,50),(500222,461404687,50),(500222,5730541,40),(500222,6003713,50),(500222,21194877,40),(500222,1378377,40),(500222,35121502,40),(500222,792398223,40),(500222,25714423,50),(500222,7151900,40),(500222,4922662,40),(500222,8488131,40),(500222,32778849,50),(500222,1884508,40),(500222,7485740,50),(500222,3867827,50),(500222,1672483,40),(500222,758615722,50),(500222,114836899,40),(500222,5469998,40),(500222,43752328,40),(500222,56717612,40),(500222,3041892,40),(500222,2439998,50),(500222,2028505,40),(500222,161024706,50),(500222,183925097,50),(500222,461404687,50),(500222,50713778,40),(500222,695323,40),(500224,1394372,50),(500224,53528705,40),(500224,7074012,50),(500224,5144194,40),(500224,3251366,40),(500224,25745131,50),(500224,46891011,50),(500224,144138509,40),(500224,3798927,50),(500224,37091591,50),(500224,176401122,40),(500224,5847680,50),(500224,36903398,50),(500224,39076,50),(500224,580757,50),(500224,45114864,50),(500224,4077398,50),(500224,4685279,40),(500224,164704643,40),(500224,49333421,50),(500224,2373463,50),(500224,2130811,40),(500224,4288139,50),(500224,161977551,40),(500224,7078214,50),(500224,51765654,50),(500224,1114412,40),(500224,7326671,50),(500224,7508243,40),(500224,4422401,40),(500224,55950733,50),(500224,1140889,40),(500224,51877020,50),(500224,3897724,50),(500224,23502,50),(500224,37526945,50),(500224,5733297,50),(500224,32413559,50),(500224,6720541,50),(500224,141306341,40),(500224,113705298,40),(500224,54502162,50),(500224,50007518,50),(500224,8786266,50),(500224,128002762,40),(500224,55312029,50),(500224,42531959,40),(500224,4841039,40),(500224,1674480,40),(500224,14237144,40),(500224,65339819,40);

/*Table structure for table `shop` */

DROP TABLE IF EXISTS `shop`;

CREATE TABLE `shop` (
  `id` int(11) NOT NULL DEFAULT '0',
  `recommendnum` int(11) DEFAULT NULL,
  `shopname` varchar(20) DEFAULT NULL,
  `pic` char(200) DEFAULT NULL,
  `city_name` char(10) DEFAULT NULL,
  `address` varchar(50) DEFAULT NULL,
  `label0` char(20) DEFAULT NULL,
  `label1` char(20) DEFAULT NULL,
  `label2` char(20) DEFAULT NULL,
  `label3` char(20) DEFAULT NULL,
  `jingdu` double DEFAULT NULL,
  `weidu` double DEFAULT NULL,
  `url` varchar(50) DEFAULT NULL,
  `comment1` varchar(500) DEFAULT NULL,
  `comment2` varchar(500) DEFAULT NULL,
  `comment3` varchar(500) DEFAULT NULL,
  `uid1` int(11) DEFAULT NULL,
  `uid2` int(11) DEFAULT NULL,
  `uid3` int(11) DEFAULT NULL,
  PRIMARY KEY (`id`)
) ENGINE=InnoDB DEFAULT CHARSET=utf8;

/*Data for the table `shop` */

insert  into `shop`(`id`,`recommendnum`,`shopname`,`pic`,`city_name`,`address`,`label0`,`label1`,`label2`,`label3`,`jingdu`,`weidu`,`url`,`comment1`,`comment2`,`comment3`,`uid1`,`uid2`,`uid3`) values (500000,10,'阿凡提美食娱乐城','http://i3.s1.dpfile.com/pc/57a756b4a1a084cef56e6abea3e8ca78(249x249)/thumb.jpg','上海','虹口区 曲阳路775号天山宾馆B1楼(近中山北二路)\r\n','美食','新疆菜','NULL','NULL',121.490442,31.288306,NULL,'5元一串有点小贵,但是味道很不错,大盘鸡很爱吃,只量都很大,每次去2个人吃点2个菜就吃饱了\r\n','朋友带过去的，店面很不起眼，但是进去以后感觉很地道的新疆饭店。那天还莫名其妙的带了瓶红酒过去，让服务员帮开瓶居然也有开瓶器帮开了，就差要醒酒器了。里面歌舞表演的姑娘很漂亮，主要就是吃肉去了，吃的很开心。\r\n','味道很好的一家店，一直长途跋涉来吃，就是为了肚子里的馋虫，哈哈！羊肉味道很浓郁，分量也超大，常常看到有人在那里吃烤全羊，眼馋啊。跳舞的女生也很漂亮\r\n',177810,NULL,NULL),(500018,22,'Va Bene华万意意大利餐厅','http://i2.s1.dpfile.com/pc/c7cf16db71c12c23be7d5cda740307bb(249x249)/thumb.jpg\r\n','上海','卢湾区 太仓路181弄新天地北里7号楼2楼(近马当路)\r\n','美食','西餐','意大利菜','NULL',121.474887,31.219018,NULL,'环境不错，石库门里的洋餐厅～餐前面包不错有三种，每一种的叫法都不一样，就是都是意大利名儿没记住，推荐海鲜汤和千层面都很不错！同行的老外也说\r\n','东西很好次 特别是薄饼披萨 环境也好 唯一不爽的是 饭后甜点提拉米苏 同行中国人吃不下想打包带走 上海话同他沟通 服务员以“我们店不打包的 不好看”拒绝 同行的外国人同样要打包 同样的服务员 交涉两句 象征性地不知道说了点什么 就撤盘打包了 餐厅服务员 你真棒！\r\n','情人节和老公出来浪漫，要的brunch set，餐前面包味道很好，大爱，前菜的三文鱼太熟，还行，老公要的龙虾味道超赞，我要的野菌烩饭太咸，老公说上次他吃不咸，我们推测厨师一定是单身，今天心情很不美丽哈哈。甜品不错，不知名字。另外有个女服务员也一直眉头紧锁，但是餐厅经理那个意大利人态度很好，主动上前寒暄推荐菜品。总之，以后会常来brunch，推荐\r\n',NULL,NULL,NULL),(500028,24,'阿山饭店','http://i2.s1.dpfile.com/pc/116ee95befc344f3dbd541d3b26b90df(249x249)/thumb.jpg\r\n','上海','长宁区 虹桥路2378号(近动物园)\r\n','美食','本帮江浙菜','本帮菜','NULL',121.36688,31.189996,NULL,'很拽的一家本帮菜饭店，名气很响啊，店铺装修很简单，还略显陈旧，但墙上挂满了明星的照片！菜的味道还是不错的，就是价格比较贵，紧贴动物园那肯定也便宜不了！响油鳝丝，草头圈子赞！\r\n','听闻已久的阿山饭店 也听说老板很年 近店就看到墙上都是和明星的合影照片 环境略差 但是桌子很复古 喜欢 菜的口味是没话说的 就是价格贵了点 量也不大 三菜一汤 二百多rmb! 不过中午去的时候没人 还是不错的\r\n','一直路过这个小饭店，看着应该好多年代了，所以都没去过，后来朋友带我们去的，好有历史感的老上海饭店，今天巧遇老板亲自掌厨，很有缘份，很有小时候的上海家常菜味道～不过量太少啦～老板一个人下厨所以当菜需要时间\r\n',NULL,NULL,NULL),(500046,30,'白家餐厅','http://i1.s1.dpfile.com/pc/c3dc7456c5ac722ebaf4da9a816f3404(249x249)/thumb.jpg\r\n','上海','徐汇区 宛平路189弄12号(近衡山路)\r\n','美食','本帮江浙菜','本帮菜','NULL',121.44371,31.199825,NULL,'真的是很美味的本帮菜～浓油赤酱～但是又不咸～甜甜的～极棒～随着季节都有时令的美味～今天的油焖笋真让我们惊艳到了～每次来必点和最爱就是他们家的招牌芋奶豆沙球～外酥里糯～芋头与豆沙混合的香味～难怪是招牌～每次来吃都是盘扫光的节奏～今天还偶遇老板～闲聊了几句～老板是个实在人～就是要用心做好本帮菜～冲着这份执着和这实在的美味～这家店一定常来光顾～','宛平路白家餐厅，本帮餐厅，红烧河鳗有得过奖，螃蟹很肥，鸭子汤味道好一点也不油腻，还有很粗很粗的绿豆芽和菜场里没看到过的龙豆，明虾肉质比较有弹性细致一般本帮菜馆的大虾肉都很粗糙\r\n','带好友去拔草！就是为了那条河鳗。虽然不便宜，但是真的好吃。我们两个女生原本想着一条鱼一定吃不完，哪知道上来后吃了一口，就觉得一定会吃完。那个收汁，那个鱼，都是上海人爱的浓油赤酱，甜！河鳗很嫩，但不是很大。总之吃到这条鱼算是心安了！还点了豆腐，野菜，龙豆。其他菜就不点评了，因为满脑子都是那条河鳗啊。\r\n',23255,177810,NULL),(500054,5,'半岛鱼翅海鲜','http://i1.s1.dpfile.com/pc/d0c9de2d25e9cc783d84d420399ca6f4(249x249)/thumb.jpg\r\n','上海','徐汇区 零陵路518号长航宾馆1-2楼(近东安路)\r\n','美食','粤菜','燕翅鲍','NULL',121.45212,31.189593,NULL,'冻花蟹，做的很地道，在上海会做的人家不多，他家做的超好吃.牛肉丸，不要以为是街边小吃哦，地道的潮汕手打牛肉丸，弹性肉质都与外面买的大不相同.这二道强烈推推荐\r\n','和爸爸一共去吃了三次，一次是这二楼的包房。总体还好，至少喜欢沙茶牛肉，潮州卤味，玉米络，还有他的点心.服务也没象之前讲的这么恐怖。还很热情，上汤后就把我的盘子收走，就再没见过我用的盘子了。\r\n','附近唯一还能上的了台面的地方，2个人各点了一份单人套餐，有鱼翅，生蚝，龙虾，有牛排，木瓜炖雪蛤，点心，水果还蛮喜欢的，感觉很安静，环境很好。应该会再来，服务也很不错，饮料另点，不包含在单人套餐内\r\n',NULL,NULL,NULL),(500058,229,'宝莱纳餐厅','http://i1.s1.dpfile.com/pc/ed40ae0cfd4bb041d65b95d58a02ce27(249x249)/thumb.jpg\r\n','上海','徐汇区 汾阳路150号(近桃江路)\r\n','美食','其他','酒吧','NULL',121.45247,31.20922,NULL,'两年多前来这边参加过亲戚包场的60岁生日大寿，再次来时发现生意怎么能这么的好。一共三个楼层，一楼的内厅和外厅全坐满了，于是被安排在了二楼，三楼没有开放。点了黑啤白啤黄啤三种口味，慢慢吃慢慢喝等着唱歌表演。不过还是感觉宝莱纳已经做烂了，环境实在太吵杂，根本达不到放松身心小酌一杯的效果。\r\n','以前去的都是宝莱纳新天地店，汾阳路这家店还是第一次来，提早订了位置，不过订不到无烟区了，哎。。。周末晚上客人特别多哎，要提早定位置才行~\r\n','上次点评菜，这次点评酒和乐队表演。这次在晚上七点半前赶到看乐队表演。居然被我们抢到最靠近乐队的圆桌，我们先点了拿铁和鸡尾果汁喝起来，九点前打折。乐队很赞，男女歌手唱的好颜值也高，跟我们很互动。贝斯手很可爱很萌萌的，老是朝我们看和微笑，有时还做逗我们的表情。我们换了桌子，他还表示纳闷。哈哈！饮料喝完，开始喝500ML黄啤和300ML白啤配雪碧，喝得很爽，听的很嗨。后来还和别人拼桌，大家互相敬酒，歌越来越摇滚，跳舞的也越来越多，都好嗨！我也是快醉了。',23255,177810,NULL),(500070,35,'避风塘','http://i1.s1.dpfile.com/pc/96749d04273fe7b7b523a7927fa466cb(249x249)/thumb.jpg\r\n','上海','卢湾区 长乐路175号(近茂名南路)\r\n','美食','粤菜','茶餐厅','NULL',121.461359,31.220827,NULL,'口味很好，北方人能吃饱哦。只是有人吸烟，环境就差评吧！\r\n','长乐店还是那么生意兴隆，由于用餐是打包外带不可用团购，这次有点小意外还是给我用掉了，又省钱啦。\r\n','长乐店还是那么生意兴隆，由于用餐是打包外带不可用团购，这次有点小意外还是给我用掉了，又省钱啦。\r\n',NULL,23255,NULL),(500102,39,'成隆行蟹王府','http://i1.s1.dpfile.com/pc/e4e20c87ebdcd6740a94f2fd10ddc20e(249x249)/thumb.jpg\r\n','上海','黄浦区 九江路216号(河南中路口)\r\n','美食','本帮江浙菜','蟹宴','NULL',121.485972,31.236973,NULL,'很雅的一家店，古色古香，还有民乐表演，算得上吃蟹比较排的上号的一户。借着有团购终于去拔草了，逐一点评。冷菜三品（海蜇丝、香茜木耳、本帮蟹苗），海蜇丝拌的金瓜丝吧，很.\r\n','团购198/人，今天和闺蜜同学一起去吃。地方还算好找。宏伊广场站往河南中路走5分钟。门面看起来一般，不属于富丽堂皇，走进去却别有洞天。看着古色古香，而且我们四个人还订到了包间。包间不大，适合小群体。菜一道道上来，色相很美。蟹黄圆子是冬瓜球做的。清爽消暑，融合了蟹粉味道，是我印象最深的菜肴。焗蟹斗也很好吃。主食我们选择蟹粉捞饭，米饭的质量很好，大概是泰国香米。送的银耳红枣羹很润，凉凉的很好喝。这顿全蟹宴很精致，一顿吃下来也饱，刚刚好，就算男生，也不用担心吃不饱。服务员态度、服务都很好。饭店很贴心的送了姜茶，考虑到客人吃蟹会寒凉。这家店很值得推荐。同学们都夸我会挑选，这比吃日料，有意思多了。喜欢情调、爱吃蟹、更注重质而非量的饕客，希望我的评价可以帮助到你们参考。\r\n','去上海出差的时候意外发现的这么个地方，因为是四月份去的，所以时间上肯定不对，可是味道还是做得很棒，对得起价格，一个人愣是吃了那么多，下次来上海一定还去吃，但是会找个适当的时候，哈哈！我一个人吃了太多，样样都不错，蟹斗满满的，狮子头也不腻，蟹粉小笼也正，连蔬菜都觉得很好吃呢。还有人在表演，自己去也不觉得很突兀，老外都去了呢\r\n',177810,NULL,177810),(500132,53,'大富贵酒楼','http://i1.s1.dpfile.com/pc/434cc40e8eda389dcfa463ffd0515dd3(249x249)/thumb.jpg\r\n','上海','黄浦区 中华路1409号(近梦花街)\r\n','美食','本帮江浙菜','本帮菜','NULL',121.485835,31.217912,NULL,'老字号的上海小吃店，想吃的都能在这里吃到，门口还有卖熟食的，看着排队的人很多，也就去买了些，咸水牛肉很嫩很好吃，辣酱还行，还有个熏鱼也不错~\r\n','老字号了，去豫园派出所办事，中午要等候，就来到附近的大富贵吃饭。停车实在是个大问题啊，最后老公停到一公里多远的地方，然后40度高温走过来。问服务员也没人知道附近哪里停......\r\n','大富贵酒楼啊，不是小吃部啊，大多点评都把小吃部挂上来了......反正也无所谓的了。\r\n',NULL,NULL,NULL),(500142,7,'大渔铁板烧','http://i1.s1.dpfile.com/pc/5207ccf77349b899847982cecbb5f026(249x249)/thumb.jpg\r\n','上海','卢湾区 瑞金一路139号复兴商厦2楼(近长乐路)\r\n','美食','日本','日本料理','NULL',121.463591,31.220951,NULL,NULL,NULL,NULL,NULL,NULL,NULL),(500146,8,'傣家村','http://i3.s1.dpfile.com/pc/ac816c639156c366a148537b04394727(249x249)/thumb.jpg\r\n','上海','普陀区 澳门路159号(近昌化路)\r\n','美食','云南菜','NULL','NULL',121.445271,31.246316,NULL,'小时候爸爸常带过来这里的傣家村和前面的红子鸡, 如今因为这里的昆虫料理和小伙伴相约至此, 造化弄人, 爸爸老了, 我却长大了, 这里没有了从前的繁华, 虽然屹立着, 接待的更多的是旅行团, 晚上会有歌舞表演, 不知现在是否也还是这样, 谢谢你还在这里, 能坚持到现在不容易, 十多年了。\r\n','完全不知什么情况的前提下被朋友拉来吃饭，看到虫子宴把我惊着了，这些家伙什么时候这么重口味了，还死命地推荐我吃炸虫子，虽然看他们吃起来好像很不错的样子，但是我想想都觉得挺恶心的，实在是看都不敢看。正常一点的菜口味还是不错的，点了云南原汁原味的竹筒饭，在某个节目里看到过做法，感觉这家店里做的比农村人自己做的要精致好看一下，味道应该差不多的。\r\n','麒麟交友群二周年庆，很热闹。服务员能歌善舞，很好。\r\n',NULL,NULL,NULL),(500156,47,'滴水洞湘菜','http://i2.s1.dpfile.com/pc/d498fbc0bb37b508d8c1c975b0e5d2d6(249x249)/thumb.jpg\r\n','上海','卢湾区 茂名南路56号2楼(近长乐路)\r\n','美食','湘菜','NULL','NULL',121.46014,31.221214,NULL,'朋友推荐后，就连来了好几个礼拜。现在热情淡下来了，不过对于朋友们，这里可以称得上他们的食堂啦。\r\n','茂名店晚饭点去的，人很多，因为有预定所以去了不用排队，红烧肉已经完全不正宗了，色泽不够亮，风味也一般，酸豆角还不错，口水鸡酱汁比较浓重，非常辣，是湖南特有的辣，但过于太辣朋友接受不了，水煮牛肉香气不够，大白菜太多。\r\n','这家店陪伴我已经很多年了！每次去都点老三样酸豆角肉末 剁椒蒸鲈鱼 外加一个时鲜素菜 一碗米饭 。可这次的鱼不够新鲜 鱼眼浑浊凹陷 且有股淡淡的不新鲜但被剁椒已经覆盖混合的腥味！真心期望在生意繁忙之时还是可以保质保量。别我们这些老顾客失望。\r\n',23255,177810,NULL),(500164,36,'东方明珠旋转餐厅','http://i2.s1.dpfile.com/pc/a56336ee20913fe9582c5e556f325057(249x249)/thumb.jpg\r\n','上海','浦东新区 世纪大道1号东方明珠电视塔(近二号线陆家嘴站)\r\n','美食','自助餐','NULL','NULL',121.499667,31.239138,NULL,'和老公孩子一起上去过生日吃的，优惠的是带1米以下儿童免费，趁孩子还在1米以下，赶紧带上。\r\n','说实话选的日子正好是阴雨天，有点看不清风景，否则应该会很有感觉吧！去外面看夜景感觉还不错，就是可惜人多了点，实在是旅游景点，没办法～味道和价格比起来那是差了好多，不过能把爱西西里吃个饱也挺满足啦\r\n','5月30日去的。不知道要接待什么贵宾。原本直达餐厅的电梯不能用了。只能和参观的人排队。5点超过了都没有让我们上餐厅。等到餐厅。居然没有5个人的座位了。让我们分开坐。\r\n',228227,NULL,NULL),(500174,111,'斗牛士牛排','http://i1.s1.dpfile.com/pc/308c8e5ceac73b24ccc1d40102d3efcc(249x249)/thumb.jpg\r\n','上海','徐汇区 岳阳路1号地下楼(近东平路)\r\n','美食','西餐','牛排','NULL',121.452009,31.208764,NULL,'牛排当时是点七分熟的，感觉七分熟还是太熟了，下次一定会点五分熟的。\r\n','色拉喜欢蔬菜，汤喜欢玉米，面包香蒜比羊角好吃，饮料最爱西瓜汁；今天吃的梅花猪排，也不错，一套下来88，蛮实惠的！\r\n','牛排味道不怎么样，只是甜品色拉饮料可以免费续，所以客人很多，也很吵，不喜欢。\r\n',23255,NULL,NULL),(500194,4,'丰裕生煎','http://i3.s1.dpfile.com/pc/8e3245fd38771662031d39851ae8ee96(249x249)/thumb.jpg\r\n','上海','多家连锁店\r\n','美食','小吃快餐','生煎','NULL',360,360,NULL,'丰裕可谓是第一家遍布全城的生煎品牌，说起源头“陕西南路老店”大家应该不胜唏嘘…拆迁以后，想找一下感觉的地儿都没了…\r\n','上海人的第二食堂。\r\n','买了四个生煎，一口气吃了两个才想起来要拍照。。。\r\n',23255,228227,NULL),(500212,103,'古意湘味浓','http://i2.s1.dpfile.com/pc/1491e3c528f735e87cb96caf6a4ac0f3(249x249)/thumb.jpg\r\n','上海','静安区 富民路87号巨富大厦1楼A座(近巨鹿路)\r\n','美食','湘菜','NULL','NULL',121.45054,31.22051,NULL,'湘菜里评分不错就来了，看见点了很多歪果仁，好吧，预感价格贵且会有点改良。招牌的竹筒牛蛙咸鲜滑嫩，里面居然还放芋艿，88这点量肯定是贵的，不过越吃越辣越辣越想吃也是很爽。\r\n','口味佳，主要体现在食材新鲜，口味有新意。竹筒牛蛙，比想象中的辣，牛蛙很嫩，配菜是芋头，量略少，不过实实在在的都是牛蛙腿。牛肉粒年糕，口味偏甜\r\n','湖南人的老总 让我推荐一家湘菜馆 四个男同事加我前往！结果被他老人家数落一番 价格高菜量少太精致了也不正宗…还不如乌鲁木齐路上的…唉╯▂╰ 闺密 好友 商务不错~中午便餐还是略不搭啊\r\n',228747,NULL,228227),(500218,56,'江南村酒家','http://i1.s1.dpfile.com/2011-08-26/9311342_b.jpg(249x249)/thumb.jpg\r\n','上海','闸北区 长安路1033号长安大厦3楼(天目西路口)\r\n','美食','本帮江浙菜','杭帮菜','NULL',121.45174,31.24499,NULL,'非常适合家庭小聚，菜的口味很迎合长辈的喜好，菜量挺大，我们三个人点了蛮多菜，量足够五六个人吃了，按这算法，人均大概6、70，实惠！\r\n','服务一般～去的时候刚开门，点了好多吃的，量在上海地区算是大的了～红烧肉很好吃，糖醋小排一般。还要了膏蟹和青蟹，还有绿茶饼，葱包，大虾，味道都还可以吧～好多人订的团购，我们人少、但是因为到上海玩，还是想多尝尝口味，也点了很多菜。鸭下巴不错。这里口水鸡跟北京的不一样，上面有花生酱的那种，也不是很啦，要的虾分别做的茄汁和干烧，但是茄汁的真的很腥，不知道为什么，不好吃，不喜欢那种腥的味道～另一种口味就还可以，蟹要的咖喱和咸蛋黄，咸蛋黄比咖喱的好吃，可能吃过泰国的咖喱蟹，觉得这个咖喱一般。绿茶饼不错，热乎的小甜点，挺好吃的。那个葱什么包还行吧～开始以为是生煎，但貌似不是～厚皮的～～～～总之还可以，而且离住的酒店比较近，吃饭也很方便。总体来说还可以吧！\r\n','非常实惠的一家店。菜量很大，味道总体一般。团购性价比很高。冷菜比较一般，没有推荐。热菜虾仁又大又Q,比较喜欢。意面龙虾味道很淡，龙虾泡饭很鲜，量足。牛蛙很大，丝瓜好吃。芋艿很糯，但油炸过不太喜欢。蹄髈不肥，也不咸，味道不错。扇贝个头很大，粉丝太烂，味道不鲜。多宝鱼很肥美，很大一条。海参偏咸，西兰花有点生。绿茶餠好吃，不是很甜。酒酿圆子中规中矩。虽然是团购，但服务质量一点不差，主动换盘，加茶水。以后还会来。\r\n',23255,228747,NULL),(500222,129,'海立阁','http://i2.s1.dpfile.com/pc/fae2a0745dc71b8ed102f63354cf4455(249x249)/thumb.jpg\r\n','上海','长宁区 仙霞路697号(近安龙路)\r\n','美食','海鲜','NULL','NULL',121.38584,31.206935,NULL,'海鲜绝对便宜，大的赖尿虾，石斑鱼，海瓜子，鲍鱼绝对赞！环境旧了点，老了点，实惠还是首选！由于离单位近，同事聚餐常去。在饭店林立的仙霞路还是人气很旺的一家！冷盆较喜欢冰草，黄瓜，酱萝卜！热菜较喜欢羊肉煲，牛头！人多更合算，是家庭聚会，同学聚会，同事聚会的好去处！值得推荐！\r\n','以前也来过几次。海鲜还行吧，斑节虾的蘸汁略淡偏油。鲳鱼清蒸，哈嗲！蒜香骨没味道，失败。点了鸭下巴，没想到上来的是鸭头，炸的略老，不推荐。亮点菜，是新推出的老豆腐\r\n','环境就是大排档的感觉 环境也不太好 很吵杂 比较挤 服务也感受不到 适合大爷大妈们请客的地方 菜量是挺大 可惜菜品一般 竹蛏有几个臭的 烧鸭也是有怪味道的 鹅肝蒸蛋太鸡肋 不推荐 其他的比如牛肉粒味道还是不错的',23255,NULL,NULL),(500224,51,'海鸥舫','http://i2.s1.dpfile.com/pc/4c113351622ef9d056745c70e54494dc(249x249)/thumb.jpg\r\n','上海','浦东新区 滨江大道2852号滨江花园内\r\n','美食','本帮江浙菜','本帮菜','NULL',121.49698,31.24075,NULL,'海鸥舫价格公道，菜还不错，环境绝对一流，点赞！',NULL,NULL,NULL,23255,228747);

/*Table structure for table `user` */

DROP TABLE IF EXISTS `user`;

CREATE TABLE `user` (
  `id` int(11) NOT NULL DEFAULT '0',
  `pic` char(50) DEFAULT NULL,
  `nicname` varchar(20) DEFAULT NULL,
  `score` int(11) DEFAULT NULL,
  `location` varchar(20) DEFAULT NULL,
  `label` varchar(50) DEFAULT NULL,
  PRIMARY KEY (`id`)
) ENGINE=InnoDB DEFAULT CHARSET=utf8;

/*Data for the table `user` */

insert  into `user`(`id`,`pic`,`nicname`,`score`,`location`,`label`) values (2909,NULL,'callmequeenH',4698,'上海','其他,酒吧'),(6396,NULL,'kisswt',5353,'上海','西餐,牛排'),(13414,NULL,'阿棒',4043,'上海','其他,酒吧'),(13813,NULL,'考拉公主',3968,'上海','其他,酒吧'),(15921,NULL,'xxhhqq1000',4907,'上海','西餐,牛排'),(23255,NULL,'roserain',4459,'上海','其他,酒吧'),(23502,NULL,'EJ',3865,'上海','本帮江浙菜,本帮菜'),(23658,NULL,'文子',4242,'上海','湘菜'),(26759,NULL,'蝴蝶',5487,'上海','其他,酒吧'),(32048,NULL,'yiyou',4222,'上海','其他,酒吧'),(33945,NULL,'Nelly',6099,'上海','海鲜'),(36120,NULL,'leoseven',5293,'上海','本帮江浙菜,本帮菜'),(37181,NULL,'大笨笨',4958,'上海','本帮江浙菜,本帮菜'),(38128,NULL,'上海二当家',4484,'上海','本帮江浙菜,本帮菜'),(39076,NULL,'rosaxi',4868,'上海','本帮江浙菜,本帮菜'),(46512,NULL,'唏哩哗啦',4206,'上海','本帮江浙菜,本帮菜'),(51153,NULL,'秋风追月',4823,'上海','其他,酒吧'),(51364,NULL,'左翼天使心',4998,'上海','湘菜'),(53594,NULL,'jerryxie',5704,'上海','其他,酒吧'),(63212,NULL,'枫落止水',5960,'上海','本帮江浙菜,杭帮菜'),(71965,NULL,'水彩22',3790,'上海','本帮江浙菜,本帮菜'),(72136,NULL,'碎冰葡萄',5252,'上海','其他,酒吧'),(72682,NULL,'Stinge',5748,'上海','湘菜'),(75724,NULL,'艾克斯奥特曼',4660,'上海','其他,酒吧'),(76645,NULL,'rraaiinn',6024,'上海','湘菜'),(77669,NULL,'jenny8899',5041,'上海','其他,酒吧'),(78634,NULL,'yoncucc',5879,'上海','本帮江浙菜,本帮菜'),(84665,NULL,'xinderela',4984,'上海','本帮江浙菜,本帮菜'),(89819,NULL,'Smallapple',4564,'上海','其他,酒吧'),(116464,NULL,'闪开',4208,'上海','西餐,意大利菜'),(118660,NULL,'lookatian',3352,'上海','本帮江浙菜,本帮菜'),(127527,NULL,'且行',4000,'上海','西餐,牛排'),(134688,NULL,'猪龙',3439,'上海','本帮江浙菜,本帮菜'),(151704,NULL,'arlaly',4335,'上海','其他,酒吧'),(165887,NULL,'irisc',4478,'上海','本帮江浙菜,蟹宴'),(171226,NULL,'海带王',5189,'上海','其他,酒吧'),(177810,NULL,'showdou',3991,'上海','本帮江浙菜,杭帮菜'),(178019,NULL,'此理岂有',4334,'上海','西餐,牛排'),(181658,NULL,'dazuidan',5184,'上海','本帮江浙菜,本帮菜'),(204629,NULL,'小胖叶赫那拉',4619,'上海','其他,酒吧'),(206978,NULL,'vivi13',6353,'上海','湘菜'),(207105,NULL,'美味在眼前',4215,'上海','海鲜'),(209784,NULL,'forpurple',5739,'上海','海鲜'),(224554,NULL,'卡内奇卡卡',3756,'上海','湘菜'),(228227,NULL,'我是丁子',5388,'上海','湘菜'),(228747,NULL,'咖喱面包',5090,'上海','海鲜'),(242884,NULL,'jasmine7828',5212,'上海','其他,酒吧'),(249989,NULL,'清新女孩',4622,'上海','海鲜'),(253783,NULL,'吃货的简单世界',5409,'上海','其他,酒吧'),(258979,NULL,'上海抹茶由豆腐',4798,'上海','其他,酒吧'),(262058,NULL,'一群小丸子',5244,'上海','其他,酒吧'),(278527,NULL,'上海小囡囡',5295,'上海','其他,酒吧'),(280234,NULL,'_秋宝宝_',6691,'上海','湘菜'),(287981,NULL,'lin0000',4704,'上海','其他,酒吧'),(288147,NULL,'limis',4774,'上海','湘菜'),(289582,NULL,'小小猪112',5318,'上海','西餐,意大利菜'),(308719,NULL,'fzy0083',4552,'上海','本帮江浙菜,本帮菜'),(313334,NULL,'012一切都将过去',4568,'上海','西餐,意大利菜'),(318037,NULL,'guomengdi',4553,'上海','本帮江浙菜,杭帮菜'),(335278,NULL,'橙柠',4188,'上海','湘菜'),(337866,NULL,'奥特小白糖',5550,'上海','日本,日本料理'),(342511,NULL,'菡香悠悠',4912,'上海','本帮江浙菜,本帮菜'),(343419,NULL,'jingzou',4112,'上海','西餐,意大利菜'),(350198,NULL,'zwmike',4361,'上海','西餐,牛排'),(354397,NULL,'sooker',5065,'上海','粤菜,茶餐厅'),(368387,NULL,'Doris芝士鱼Doris',3424,'上海','海鲜'),(376019,NULL,'小香趴',4273,'上海','西餐,牛排'),(407812,NULL,'蝦米君',4510,'上海','湘菜'),(426942,NULL,'charlieming',5151,'上海','其他,酒吧'),(435926,NULL,'zhc9709',3878,'上海','海鲜'),(446583,NULL,'kollzy',5273,'上海','本帮江浙菜,杭帮菜'),(454389,NULL,'雨肖肖',4806,'上海','海鲜'),(459517,NULL,'俞青青',4272,'上海','其他,酒吧'),(461702,NULL,'viv有点晕',5594,'上海','本帮江浙菜,蟹宴'),(462606,NULL,'Rainbow119',5953,'上海','其他,酒吧'),(466674,NULL,'加贝日斤',3671,'上海','本帮江浙菜,杭帮菜'),(479317,NULL,'蓝若湖',5355,'上海','西餐,牛排'),(481154,NULL,'iamvivipig1983',4622,'上海','其他,酒吧'),(505629,NULL,'巧克力泡芙',3760,'上海','其他,酒吧'),(506876,NULL,'吃的精灵',4568,'上海','西餐,牛排'),(508505,NULL,'qsy',5411,'上海','本帮江浙菜,杭帮菜'),(519572,NULL,'蛋蛋美食记',5305,'上海','海鲜'),(526836,NULL,'qianjiangyan',4501,'上海','自助餐'),(532781,NULL,'袋鼠宝宝',4782,'上海','其他,酒吧'),(533510,NULL,'Shasi_hz',5184,'上海','本帮江浙菜,本帮菜'),(573651,NULL,'Taymor',5383,'上海','本帮江浙菜,本帮菜'),(580757,NULL,'天国的海精灵',5337,'上海','本帮江浙菜,本帮菜'),(591980,NULL,'LJY芸',3915,'上海','西餐,牛排'),(593992,NULL,'fishingshenfan',3098,'上海','本帮江浙菜,本帮菜'),(617917,NULL,'Silviatay',4490,'上海','其他,酒吧'),(638367,NULL,'小丞丞',4802,'上海','其他,酒吧'),(641821,NULL,'peachdog',4071,'上海','西餐,意大利菜'),(668858,NULL,'lenay',4900,'上海','西餐,意大利菜'),(679611,NULL,'柳拂风',4974,'上海','本帮江浙菜,本帮菜'),(695323,NULL,'timece',4560,'上海','海鲜'),(695648,NULL,'半糖主义的一个人旅游',5638,'上海','湘菜'),(698396,NULL,'桑多多',4711,'上海','其他,酒吧'),(701093,NULL,'vallylily',5206,'上海','本帮江浙菜,杭帮菜'),(711992,NULL,'Joyce_Pan0218',6216,'上海','海鲜'),(725889,NULL,'dannny',4368,'上海','海鲜'),(727235,NULL,'123abc6小0',6151,'上海','其他,酒吧'),(727895,NULL,'喫饭去',5394,'上海','本帮江浙菜,本帮菜'),(728559,NULL,'Megumi2046',5171,'上海','本帮江浙菜,本帮菜'),(732265,NULL,'kinkiqhl',5496,'上海','湘菜'),(742883,NULL,'一囱',5334,'上海','其他,酒吧'),(743521,NULL,'Janicedeesse',4626,'上海','湘菜'),(743537,NULL,'布丁雯雯',4433,'上海','西餐,牛排'),(749899,NULL,'吃拉面只喝汤',4913,'上海','其他,酒吧'),(750492,NULL,'Ralph_Lin',5772,'上海','湘菜'),(771491,NULL,'bbyyv',5085,'上海','本帮江浙菜,本帮菜'),(772160,NULL,'熏衣草女孩1203',3975,'上海','海鲜'),(801794,NULL,'HAYA_HAYA',5293,'上海','其他,酒吧'),(807908,NULL,'晨木1853',4901,'上海','本帮江浙菜,本帮菜'),(830047,NULL,'CYNTHIACC',4884,'上海','湘菜'),(839925,NULL,'尼克NICKwuj',4589,'上海','本帮江浙菜,蟹宴'),(844697,NULL,'vicky_zhou',4945,'上海','湘菜'),(847294,NULL,'波波9028',4580,'上海','其他,酒吧'),(848157,NULL,'green乱发',4000,'上海','其他,酒吧'),(855673,NULL,'一直i王菲',4488,'上海','湘菜'),(858795,NULL,'richpillar',4925,'上海','西餐,牛排'),(860107,NULL,'puma_su',5220,'上海','西餐,意大利菜'),(866098,NULL,'zt611',6045,'上海','其他,酒吧'),(875737,NULL,'rocklinda',4040,'上海','本帮江浙菜,杭帮菜'),(875795,NULL,'我爱绿油精',3571,'上海','其他,酒吧'),(890006,NULL,'mshixing',5659,'上海','本帮江浙菜,杭帮菜'),(928329,NULL,'青涩浪漫',4769,'上海','本帮江浙菜,本帮菜'),(931247,NULL,'单身橘',3961,'上海','湘菜'),(952597,NULL,'knowleft',4652,'上海','本帮江浙菜,蟹宴'),(981284,NULL,'答菲所问',4876,'上海','粤菜,茶餐厅'),(987350,NULL,'妹妹龙',3921,'上海','其他,酒吧'),(999112,NULL,'shavana',4518,'上海','湘菜'),(1022787,NULL,'神奥会长',5494,'上海','海鲜'),(1025995,NULL,'xuxindb',5505,'上海','其他,酒吧'),(1027971,NULL,'安仔Aeon',4109,'上海','西餐,牛排'),(1032551,NULL,'tr_324',5883,'上海','其他,酒吧'),(1062110,NULL,'LBF6699',3404,'上海','其他,酒吧'),(1083237,NULL,'sekilove',5627,'上海','其他,酒吧'),(1096137,NULL,'千層奶油酥O_o',3347,'上海','其他,酒吧'),(1097353,NULL,'Leo_cici',3678,'上海','海鲜'),(1103944,NULL,'7575775',4705,'上海','西餐,牛排'),(1106394,NULL,'苹果粉丝',3676,'上海','本帮江浙菜,本帮菜'),(1114412,NULL,'flyflyplayer',6960,'上海','本帮江浙菜,本帮菜'),(1118028,NULL,'coral0805',5284,'上海','湘菜'),(1140889,NULL,'dantonesque',3896,'上海','本帮江浙菜,本帮菜'),(1147326,NULL,'洛云萧',4990,'上海','西餐,牛排'),(1160837,NULL,'克里斯蒂安',5536,'上海','其他,酒吧'),(1175702,NULL,'点來捣趣大猫咪',5073,'上海','湘菜'),(1175737,NULL,'岚岚爱吃肉肉',5294,'上海','西餐,牛排'),(1183832,NULL,'非一',4390,'上海','其他,酒吧'),(1220005,NULL,'蓝_欣_儿',4803,'上海','本帮江浙菜,蟹宴'),(1246756,NULL,'Lifemany',3466,'上海','本帮江浙菜,本帮菜'),(1300280,NULL,'繁星洲',5887,'上海','海鲜'),(1301370,NULL,'Y5232',4596,'上海','本帮江浙菜,本帮菜'),(1378377,NULL,'pocopy',3909,'上海','海鲜'),(1384888,NULL,'dykyuyuly',4745,'上海','其他,酒吧'),(1394372,NULL,'juebaobao',5772,'上海','本帮江浙菜,本帮菜'),(1415401,NULL,'minkey2004',4507,'上海','湘菜'),(1466665,NULL,'好孩子烟烟',5027,'上海','本帮江浙菜,本帮菜'),(1469411,NULL,'misujue',4691,'上海','西餐,牛排'),(1509764,NULL,'hong_cyp',4739,'上海','海鲜'),(1640233,NULL,'philipedison',3383,'上海','西餐,意大利菜'),(1663269,NULL,'JeckyJiang',5943,'上海','湘菜'),(1665918,NULL,'Sharon虾仁',4588,'上海','其他,酒吧'),(1671718,NULL,'栤',4374,'上海','本帮江浙菜,本帮菜'),(1672483,NULL,'Pomodorini',4917,'上海','海鲜'),(1672656,NULL,'may199741',5509,'上海','其他,酒吧'),(1674480,NULL,'kawaiiful',5345,'上海','本帮江浙菜,本帮菜'),(1699934,NULL,'天注定8',5656,'上海','西餐,牛排'),(1701112,NULL,'花伦少爷',5035,'上海','本帮江浙菜,本帮菜'),(1711463,NULL,'lilian1714',5600,'上海','其他,酒吧'),(1713414,NULL,'韩梦涵',5264,'上海','其他,酒吧'),(1774817,NULL,'凤峰',4962,'上海','西餐,牛排'),(1780004,NULL,'atittiya',5702,'上海','本帮江浙菜,本帮菜'),(1809125,NULL,'keikoyang',4094,'上海','湘菜'),(1829558,NULL,'Lillian莉莲妞',4924,'上海','湘菜'),(1834327,NULL,'billy_qiu',4500,'上海','其他,酒吧'),(1848150,NULL,'甘之如怡',4008,'上海','西餐,牛排'),(1848395,NULL,'麦麦予',4148,'上海','粤菜,茶餐厅'),(1854743,NULL,'一条平行线',4948,'上海','其他,酒吧'),(1863690,NULL,'LINA0613',4899,'上海','本帮江浙菜,本帮菜'),(1884508,NULL,'噜布',5149,'上海','海鲜'),(1909149,NULL,'jiawenyu',4372,'上海','本帮江浙菜,杭帮菜'),(1968389,NULL,'Sulagala',5150,'上海','自助餐'),(1977904,NULL,'lycm',4413,'上海','海鲜'),(2028505,NULL,'厉子',5624,'上海','海鲜'),(2042665,NULL,'爱扫饭公主',4123,'上海','其他,酒吧'),(2057049,NULL,'Devilfan',5337,'上海','湘菜'),(2067959,NULL,'米米团长',4369,'上海','湘菜'),(2079807,NULL,'alphachris',5160,'上海','本帮江浙菜,本帮菜'),(2080294,NULL,'jky1203',5894,'上海','本帮江浙菜,杭帮菜'),(2103001,NULL,'gepetta',3931,'上海','湘菜'),(2103707,NULL,'nnnnn81',4759,'上海','海鲜'),(2107302,NULL,'smiling_2004',4000,'上海','湘菜'),(2111519,NULL,'amayyd',5896,'上海','其他,酒吧'),(2118310,NULL,'涵涵0324',3606,'上海','其他,酒吧'),(2130811,NULL,'马_克',5658,'上海','本帮江浙菜,本帮菜'),(2149950,NULL,'噌饭的',5777,'上海','海鲜'),(2172084,NULL,'Cute讨厌鬼',2842,'上海','其他,酒吧'),(2177626,NULL,'阿玖JOE',4580,'上海','湘菜'),(2197755,NULL,'紫禁城里的小魔女',5081,'上海','其他,酒吧'),(2234555,NULL,'jennyheon',4649,'上海','其他,酒吧'),(2267016,NULL,'sunnyswave',4678,'上海','湘菜'),(2274243,NULL,'sisimimi',4566,'上海','西餐,牛排'),(2354047,NULL,'幸福de晨宇',5067,'上海','本帮江浙菜,杭帮菜'),(2361937,NULL,'CHDY',5690,'上海','西餐,意大利菜'),(2362015,NULL,'xue825',4906,'上海','海鲜'),(2373463,NULL,'w58564139',3602,'上海','本帮江浙菜,本帮菜'),(2386907,NULL,'囡2013',3521,'上海','粤菜,茶餐厅'),(2402533,NULL,'Y丫',4227,'上海','海鲜'),(2403797,NULL,'qun16',5580,'上海','海鲜'),(2422814,NULL,'铭石加秋刀鱼',5004,'上海','其他,酒吧'),(2425636,NULL,'紫苑花',5459,'上海','自助餐'),(2431121,NULL,'厷紸壂芐',3917,'上海','其他,酒吧'),(2439998,NULL,'yiyuejia',4588,'上海','海鲜'),(2479642,NULL,'viola_0302',3905,'上海','粤菜,茶餐厅'),(2503755,NULL,'wenzi_qian',4119,'上海','湘菜'),(2504900,NULL,'晶莹的冰Crystal',4326,'上海','湘菜'),(2512340,NULL,'justin2079',4150,'上海','本帮江浙菜,本帮菜'),(2522160,NULL,'ChoiLa',5102,'上海','其他,酒吧'),(2522383,NULL,'zhchen25',5949,'上海','其他,酒吧'),(2533208,NULL,'vigixiner',3949,'上海','海鲜'),(2556805,NULL,'geminidesaga',4783,'上海','其他,酒吧'),(2557906,NULL,'黄瓜精',5118,'上海','本帮江浙菜,本帮菜'),(2559847,NULL,'kaddie1234',4460,'上海','自助餐'),(2573918,NULL,'空空的牛奶瓶',3348,'上海','其他,酒吧'),(2580791,NULL,'vicky_maqi',5259,'上海','本帮江浙菜,本帮菜'),(2619809,NULL,'stellajeff',4997,'上海','本帮江浙菜,本帮菜'),(2651779,NULL,'三川页',4868,'上海','本帮江浙菜,本帮菜'),(2709340,NULL,'菲LL',4104,'上海','本帮江浙菜,本帮菜'),(2713678,NULL,'水银灯G',4091,'上海','海鲜'),(2718103,NULL,'快过期De草莓',3689,'上海','本帮江浙菜,本帮菜'),(2751674,NULL,'zouyihui',3562,'上海','西餐,牛排'),(2768446,NULL,'daizp',3478,'上海','其他,酒吧'),(2782310,NULL,'hikaruchi',4292,'上海','湘菜'),(2786312,NULL,'放烟花的小天牛',4961,'上海','本帮江浙菜,蟹宴'),(2788207,NULL,'my_tsui',4936,'上海','湘菜'),(2802769,NULL,'akiakiaki',5413,'上海','其他,酒吧'),(2821363,NULL,'芬蒂克芬蒂克',5452,'上海','本帮江浙菜,本帮菜'),(2866808,NULL,'菱锋',4412,'上海','海鲜'),(2871964,NULL,'月光族女王',5327,'上海','其他,酒吧'),(2879379,NULL,'静秘书',4657,'上海','湘菜'),(2882459,NULL,'绯叶KL',4729,'上海','其他,酒吧'),(2884744,NULL,'糖糖enid',4629,'上海','粤菜,茶餐厅'),(2911106,NULL,'一只大L',6424,'上海','其他,酒吧'),(2924124,NULL,'豆浆三三',5386,'上海','新疆菜'),(2931873,NULL,'lee570',4307,'上海','海鲜'),(2935788,NULL,'cathycai66',5918,'上海','湘菜'),(2941768,NULL,'巴黎夜景',4270,'上海','其他,酒吧'),(2955797,NULL,'茹梦Anita',4098,'上海','湘菜'),(2973380,NULL,'erichuang7',5210,'上海','其他,酒吧'),(2983205,NULL,'枕头猫',5197,'上海','西餐,牛排'),(3041892,NULL,'gloria倩倩',5659,'上海','海鲜'),(3052907,NULL,'lisa小囡',6093,'上海','湘菜'),(3078848,NULL,'默然塔轮',6188,'上海','西餐,牛排'),(3103138,NULL,'sea2wind',4591,'上海','其他,酒吧'),(3124102,NULL,'sjlin',5291,'上海','其他,酒吧'),(3134174,NULL,'susu_sh',4586,'上海','西餐,意大利菜'),(3154286,NULL,'沈雪怡',4187,'上海','湘菜'),(3185860,NULL,'barbiezong',5306,'上海','其他,酒吧'),(3207197,NULL,'gzduck',5921,'上海','海鲜'),(3238129,NULL,'taoqi1026',4446,'上海','其他,酒吧'),(3251366,NULL,'丫头_zy',5893,'上海','本帮江浙菜,本帮菜'),(3259432,NULL,'kakawoohyuk',5752,'上海','湘菜'),(3275195,NULL,'善待自己享受生活',6040,'上海','海鲜'),(3284402,NULL,'河少2008',3906,'上海','海鲜'),(3288903,NULL,'小宝和大白',4542,'上海','本帮江浙菜,本帮菜'),(3351025,NULL,'大量卡路里',4658,'上海','本帮江浙菜,蟹宴'),(3362604,NULL,'jmding',3909,'上海','新疆菜'),(3370080,NULL,'cjhetao',4202,'上海','本帮江浙菜,蟹宴'),(3395990,NULL,'jj妈咪',4499,'上海','西餐,牛排'),(3426708,NULL,'若熙MM',4548,'上海','西餐,牛排'),(3429715,NULL,'Eating粥',5847,'上海','其他,酒吧'),(3429957,NULL,'MONA妞妞',4154,'上海','其他,酒吧'),(3436103,NULL,'seraphqw',5373,'上海','西餐,牛排'),(3468239,NULL,'jennylee1972',4752,'上海','本帮江浙菜,蟹宴'),(3502153,NULL,'unicmilk',5207,'上海','湘菜'),(3514632,NULL,'yuanza',4626,'上海','海鲜'),(3516681,NULL,'aoxiong',5265,'上海','湘菜'),(3525063,NULL,'hanjingabc',5070,'上海','自助餐'),(3548480,NULL,'猪猪烨',4216,'上海','海鲜'),(3632991,NULL,'ztwf',3292,'上海','本帮江浙菜,杭帮菜'),(3644896,NULL,'九宫舞',4840,'上海','西餐,牛排'),(3646334,NULL,'leon516',5484,'上海','其他,酒吧'),(3653600,NULL,'盈盈ing',6049,'上海','西餐,牛排'),(3660665,NULL,'lily_810718',3839,'上海','本帮江浙菜,杭帮菜'),(3683947,NULL,'猪师傅吃吃吃',4203,'上海','本帮江浙菜,蟹宴'),(3685966,NULL,'MyFun',5620,'上海','其他,酒吧'),(3751606,NULL,'renbby',4031,'上海','本帮江浙菜,杭帮菜'),(3798927,NULL,'自游的云',5708,'上海','本帮江浙菜,本帮菜'),(3851428,NULL,'knhuang',5032,'上海','海鲜'),(3867827,NULL,'小鳄鱼头头',5488,'上海','海鲜'),(3874449,NULL,'vguan',5449,'上海','湘菜'),(3878774,NULL,'yiyi145',5057,'上海','其他,酒吧'),(3884563,NULL,'天月林夕',6301,'上海','其他,酒吧'),(3891863,NULL,'丛林小猪',4289,'上海','其他,酒吧'),(3893759,NULL,'louise__li',4827,'上海','海鲜'),(3895276,NULL,'wxzln',4590,'上海','粤菜,茶餐厅'),(3897724,NULL,'JENNY37401',4843,'上海','本帮江浙菜,本帮菜'),(3907743,NULL,'milyee',4282,'上海','本帮江浙菜,本帮菜'),(3914442,NULL,'吃货阿曼呆',4932,'上海','其他,酒吧'),(3924214,NULL,'十八虾_',5063,'上海','湘菜'),(3934127,NULL,'dainir_y',5456,'上海','湘菜'),(3936292,NULL,'打排球不如跳舞',4024,'上海','湘菜'),(3985246,NULL,'tudesign',4986,'上海','其他,酒吧'),(4005280,NULL,'milkydo',4615,'上海','本帮江浙菜,本帮菜'),(4056415,NULL,'诸葛葫芦',4713,'上海','其他,酒吧'),(4077398,NULL,'zj0452',4853,'上海','本帮江浙菜,本帮菜'),(4118709,NULL,'Candy小蓓',4643,'上海','西餐,牛排'),(4133135,NULL,'tsuruga_ren',5891,'上海','其他,酒吧'),(4134772,NULL,'lilyzhao007',4812,'上海','其他,酒吧'),(4165275,NULL,'Anita_bi',4119,'上海','西餐,牛排'),(4174701,NULL,'姬姬猫',4305,'上海','其他,酒吧'),(4187369,NULL,'kitty8811',4104,'上海','本帮江浙菜,杭帮菜'),(4236561,NULL,'李小嵩',4990,'上海','其他,酒吧'),(4288139,NULL,'去吃喽',4861,'上海','本帮江浙菜,本帮菜'),(4290416,NULL,'狼评',3163,'上海','本帮江浙菜,杭帮菜'),(4298860,NULL,'Bella杨',5406,'上海','西餐,牛排'),(4303333,NULL,'食品达人',5198,'上海','其他,酒吧'),(4319505,NULL,'FYY1984',5320,'上海','其他,酒吧'),(4391080,NULL,'潘爱琛',4630,'上海','本帮江浙菜,蟹宴'),(4391530,NULL,'Stoneeeeeeeeee',5238,'上海','湘菜'),(4415644,NULL,'elf_you',4932,'上海','西餐,牛排'),(4422401,NULL,'丁雪琴',5754,'上海','本帮江浙菜,本帮菜'),(4428262,NULL,'HiKarg',6732,'上海','本帮江浙菜,本帮菜'),(4447793,NULL,'定额',4028,'上海','本帮江浙菜,杭帮菜'),(4456228,NULL,'zusala7',4186,'上海','其他,酒吧'),(4461777,NULL,'tracy0308',5028,'上海','湘菜'),(4480678,NULL,'jojo程',3696,'上海','西餐,牛排'),(4486550,NULL,'rachel900624',4995,'上海','其他,酒吧'),(4503580,NULL,'可爱的小洋葱',4092,'上海','本帮江浙菜,本帮菜'),(4510115,NULL,'尤恶',4107,'上海','本帮江浙菜,本帮菜'),(4521542,NULL,'jolifrance',4213,'上海','湘菜'),(4578266,NULL,'蓝兰兰子',4487,'上海','自助餐'),(4599957,NULL,'lion2015li',5696,'上海','粤菜,茶餐厅'),(4621528,NULL,'牵小心同学',3388,'上海','本帮江浙菜,本帮菜'),(4638387,NULL,'нōлêч菟',5027,'上海','本帮江浙菜,杭帮菜'),(4643224,NULL,'shsjzyj',4111,'上海','本帮江浙菜,杭帮菜'),(4649646,NULL,'LyfooGao',4342,'上海','本帮江浙菜,本帮菜'),(4664662,NULL,'xiah2007',4570,'上海','其他,酒吧'),(4685279,NULL,'anuode8888',5168,'上海','本帮江浙菜,本帮菜'),(4690663,NULL,'瑶瑶elva',4537,'上海','海鲜'),(4700131,NULL,'nimind',4487,'上海','本帮江浙菜,杭帮菜'),(4702190,NULL,'冲天火猪',4219,'上海','海鲜'),(4709455,NULL,'紫慧水晶',5287,'上海','湘菜'),(4710931,NULL,'wanglan2680',3992,'上海','湘菜'),(4715355,NULL,'reajey',3982,'上海','湘菜'),(4737900,NULL,'gu2000',3522,'上海','本帮江浙菜,蟹宴'),(4791317,NULL,'kikixia',4582,'上海','海鲜'),(4840226,NULL,'大逸尘',5306,'上海','其他,酒吧'),(4841039,NULL,'chateauzhao',4120,'上海','本帮江浙菜,本帮菜'),(4853201,NULL,'白白屁屁',4388,'上海','其他,酒吧'),(4857531,NULL,'jellyfishG',4814,'上海','湘菜'),(4897815,NULL,'軒寶_麻麻',4549,'上海','其他,酒吧'),(4905959,NULL,'54fiona',5532,'上海','海鲜'),(4919867,NULL,'水舞烨',4253,'上海','湘菜'),(4922662,NULL,'wuwwh',6106,'上海','海鲜'),(4932452,NULL,'鲨鱼宝贝',5343,'上海','西餐,牛排'),(4944586,NULL,'yiyid0555',4953,'上海','粤菜,茶餐厅'),(4947222,NULL,'龙恋恋风情',4941,'上海','海鲜'),(4993902,NULL,'dayunasa',5798,'上海','海鲜'),(5033404,NULL,'loveenlina_y',4199,'上海','本帮江浙菜,杭帮菜'),(5044959,NULL,'siyuenicole',4958,'上海','西餐,意大利菜'),(5081362,NULL,'viki张小思',4534,'上海','其他,酒吧'),(5116540,NULL,'rigger',4670,'上海','本帮江浙菜,本帮菜'),(5144194,NULL,'随风飘游的船',4387,'上海','本帮江浙菜,本帮菜'),(5192594,NULL,'哈啦蛋糕',5468,'上海','其他,酒吧'),(5231625,NULL,'zhuxuejing',5562,'上海','本帮江浙菜,本帮菜'),(5248085,NULL,'jxy864',5152,'上海','其他,酒吧'),(5264727,NULL,'九尾狐cici',5026,'上海','海鲜'),(5308573,NULL,'J寶',4621,'上海','其他,酒吧'),(5330291,NULL,'hermionelee',5182,'上海','其他,酒吧'),(5336737,NULL,'猪妖Martina',3556,'上海','其他,酒吧'),(5350700,NULL,'任勇1',4940,'上海','西餐,牛排'),(5387108,NULL,'laurie17',6500,'上海','湘菜'),(5398991,NULL,'妈咪的小朗儿',4604,'上海','日本,日本料理'),(5404322,NULL,'枼子泡茶_CJ',6175,'上海','本帮江浙菜,杭帮菜'),(5450374,NULL,'pancky',4021,'上海','其他,酒吧'),(5469998,NULL,'MUMUTOU',4786,'上海','海鲜'),(5487516,NULL,'carrieparis',3725,'上海','湘菜'),(5538989,NULL,'mac_win',4068,'上海','本帮江浙菜,本帮菜'),(5555956,NULL,'xtwoc',4841,'上海','其他,酒吧'),(5583408,NULL,'bobo2jeanne',4744,'上海','云南菜'),(5590650,NULL,'草泥马的sene',3804,'上海','湘菜'),(5635974,NULL,'shirlylitony',5282,'上海','西餐,牛排'),(5654901,NULL,'云在爱琴海',4058,'上海','湘菜'),(5730541,NULL,'片片落叶总在飞',5158,'上海','海鲜'),(5733297,NULL,'yuchangya',4905,'上海','本帮江浙菜,本帮菜'),(5759300,NULL,'咪咪酱啊啊啊',4676,'上海','自助餐'),(5847680,NULL,'大脸猫PP',4808,'上海','本帮江浙菜,本帮菜'),(5857125,NULL,'sindymin',2886,'上海','本帮江浙菜,杭帮菜'),(5913878,NULL,'qiqi0893',6465,'上海','海鲜'),(5921616,NULL,'淮珀',4719,'上海','西餐,牛排'),(5947330,NULL,'gxldmm',6126,'上海','本帮江浙菜,杭帮菜'),(5949168,NULL,'bennyjean',6842,'上海','粤菜,茶餐厅'),(5951458,NULL,'小醋坛',5527,'上海','粤菜,茶餐厅'),(5994254,NULL,'Eric7',4650,'上海','其他,酒吧'),(6003713,NULL,'天照淒王',5721,'上海','海鲜'),(6032102,NULL,'holyshentu',5543,'上海','西餐,牛排'),(6045653,NULL,'呶呶lucia',6338,'上海','湘菜'),(6104266,NULL,'yannis_YY',3835,'上海','其他,酒吧'),(6112894,NULL,'猫猫viv',4145,'上海','其他,酒吧'),(6127400,NULL,'劳劳laolao',4551,'上海','西餐,意大利菜'),(6129880,NULL,'小朱宝贝',4248,'上海','其他,酒吧'),(6135581,NULL,'jinweihua',4595,'上海','本帮江浙菜,本帮菜'),(6147444,NULL,'老潘Too',4726,'上海','其他,酒吧'),(6153988,NULL,'FINzy1992',4489,'上海','湘菜'),(6178223,NULL,'lauraleena',4299,'上海','西餐,牛排'),(6182091,NULL,'xiaobai0114',4414,'上海','湘菜'),(6202848,NULL,'AntonioCH',6302,'上海','其他,酒吧'),(6211943,NULL,'dudu_xu',5353,'上海','本帮江浙菜,杭帮菜'),(6255886,NULL,'jjzMiyako',5697,'上海','其他,酒吧'),(6275830,NULL,'weixin_18019378826',6285,'上海','其他,酒吧'),(6349412,NULL,'心斩灵魂',5246,'上海','本帮江浙菜,杭帮菜'),(6355333,NULL,'槑翾',4638,'上海','西餐,牛排'),(6356751,NULL,'CICI_0914',4966,'上海','湘菜'),(6366962,NULL,'panpansusan',5896,'上海','本帮江浙菜,本帮菜'),(6367744,NULL,'leonard34',4787,'上海','海鲜'),(6370479,NULL,'Sweetcoco123',5048,'上海','海鲜'),(6447975,NULL,'julia_huang',5691,'上海','小吃快餐,生煎'),(6481789,NULL,'志明與春嬌',4955,'上海','其他,酒吧'),(6499776,NULL,'甜蜜腐朽',4956,'上海','其他,酒吧'),(6584839,NULL,'geemont2',4411,'上海','本帮江浙菜,蟹宴'),(6593974,NULL,'tenghaoshen',4433,'上海','海鲜'),(6612081,NULL,'唐云臻',5149,'上海','海鲜'),(6695864,NULL,'音乐精灵1990',4716,'上海','西餐,牛排'),(6709778,NULL,'dingdingme',4872,'上海','本帮江浙菜,本帮菜'),(6712781,NULL,'久久家的99',6144,'上海','本帮江浙菜,本帮菜'),(6713289,NULL,'rachel880810',5007,'上海','其他,酒吧'),(6720541,NULL,'youyou_7624',4445,'上海','本帮江浙菜,本帮菜'),(6751499,NULL,'鸡智豆405',4877,'上海','其他,酒吧'),(6761194,NULL,'Sarah849898',4364,'上海','其他,酒吧'),(6778241,NULL,'枚枚枚枚子',5112,'上海','湘菜'),(6853863,NULL,'cytlrz',5150,'上海','其他,酒吧'),(6893404,NULL,'tiffany90',3482,'上海','其他,酒吧'),(6897378,NULL,'geniussun1',5358,'上海','粤菜,茶餐厅'),(7000094,NULL,'mini躲猫猫的猫',5408,'上海','新疆菜'),(7022533,NULL,'fanny君',4385,'上海','日本,日本料理'),(7050257,NULL,'angela1225',5347,'上海','粤菜,茶餐厅'),(7074012,NULL,'foggyecho',5160,'上海','本帮江浙菜,本帮菜'),(7078214,NULL,'elias1987',4497,'上海','本帮江浙菜,本帮菜'),(7098152,NULL,'cyn_di',5150,'上海','西餐,牛排'),(7151900,NULL,'Lilly96',5488,'上海','海鲜'),(7173614,NULL,'Sweets_J',5363,'上海','其他,酒吧'),(7204626,NULL,'monyating_18',5758,'上海','海鲜'),(7260681,NULL,'applestar02',5312,'上海','西餐,牛排'),(7326671,NULL,'q0oo0p',4271,'上海','本帮江浙菜,本帮菜'),(7341015,NULL,'hx5276',5327,'上海','本帮江浙菜,杭帮菜'),(7343496,NULL,'Adtonnyqq',4853,'上海','西餐,牛排'),(7430779,NULL,'gumm001',5076,'上海','本帮江浙菜,本帮菜'),(7453136,NULL,'titi00000000',4661,'上海','其他,酒吧'),(7468757,NULL,'揭谛531',4304,'上海','西餐,牛排'),(7485740,NULL,'lan0101',3770,'上海','海鲜'),(7505246,NULL,'火速520',4398,'上海','其他,酒吧'),(7508243,NULL,'junjun0721',4400,'上海','本帮江浙菜,本帮菜'),(7511375,NULL,'xiaozhuxia',6024,'上海','自助餐'),(7534707,NULL,'kissPPXXlife',3919,'上海','其他,酒吧'),(7623948,NULL,'肉肉宝宝鼠',3542,'上海','其他,酒吧'),(7848315,NULL,'丸子88',6193,'上海','西餐,牛排'),(7866349,NULL,'小白菜呀地理黄呀',4835,'上海','其他,酒吧'),(7905462,NULL,'神笔_画画',3668,'上海','湘菜'),(7927365,NULL,'KKKKassie',5155,'上海','其他,酒吧'),(7955576,NULL,'柯基宝宝栗子酱',4673,'上海','自助餐'),(7987722,NULL,'壹只肥兔',3281,'上海','湘菜'),(7989138,NULL,'礼乐蒙塾',4255,'上海','自助餐'),(8005332,NULL,'littletrum',5582,'上海','其他,酒吧'),(8164339,NULL,'国王様',5051,'上海','粤菜,茶餐厅'),(8173591,NULL,'wwxie',6025,'上海','其他,酒吧'),(8228798,NULL,'qpc0103',3677,'上海','其他,酒吧'),(8291461,NULL,'bigtiancai88',5232,'上海','粤菜,茶餐厅'),(8313451,NULL,'gwhhappy',4441,'上海','本帮江浙菜,杭帮菜'),(8414681,NULL,'太空奇遇',3709,'上海','其他,酒吧'),(8488131,NULL,'璟兒',4817,'上海','海鲜'),(8586476,NULL,'YinTaoXiaoBai',5408,'上海','其他,酒吧'),(8608769,NULL,'iCuisine',5427,'上海','其他,酒吧'),(8638523,NULL,'sarahhuan',5090,'上海','本帮江浙菜,杭帮菜'),(8679393,NULL,'lareinavivi',5448,'上海','西餐,牛排'),(8786266,NULL,'jiangxumei',4592,'上海','本帮江浙菜,本帮菜'),(8836032,NULL,'杜杜0907',4732,'上海','其他,酒吧'),(8843644,NULL,'anjuju',5206,'上海','本帮江浙菜,本帮菜'),(8864152,NULL,'毛毛大宇',4157,'上海','其他,酒吧'),(8966532,NULL,'BendyQian',5188,'上海','西餐,牛排'),(8968135,NULL,'mylovelyjay',4955,'上海','湘菜'),(9121904,NULL,'跳跃的蜗牛',3955,'上海','湘菜'),(9264256,NULL,'linagirl666',4632,'上海','其他,酒吧'),(9343806,NULL,'natieniu1',5025,'上海','海鲜'),(9522776,NULL,'Kang0701',4878,'上海','本帮江浙菜,杭帮菜'),(9562558,NULL,'danielyzq',4053,'上海','湘菜'),(9656450,NULL,'枫糖vivi',5383,'上海','湘菜'),(9922548,NULL,'cindyluo0929',4355,'上海','本帮江浙菜,杭帮菜'),(10241031,NULL,'叫我崩拉灯',4893,'上海','其他,酒吧'),(10321427,NULL,'zjlbyl',4991,'上海','粤菜,茶餐厅'),(10466649,NULL,'Rose_S',5315,'上海','其他,酒吧'),(10495064,NULL,'马克思先生V',4733,'上海','西餐,牛排'),(10604921,NULL,'shining_pp',5060,'上海','海鲜'),(10618861,NULL,'团购吃饭',5640,'上海','本帮江浙菜,杭帮菜'),(10976776,NULL,'团Sa',5251,'上海','本帮江浙菜,蟹宴'),(11474052,NULL,'诚诚0615',6047,'上海','西餐,牛排'),(11507959,NULL,'lily821125',3959,'上海','本帮江浙菜,蟹宴'),(11569950,NULL,'雪儿640816',5371,'上海','西餐,牛排'),(11590025,NULL,'snotra',5962,'上海','本帮江浙菜,本帮菜'),(11616741,NULL,'添喜lucklily',5858,'上海','新疆菜'),(11654927,NULL,'金囧儿',5188,'上海','本帮江浙菜,本帮菜'),(11729092,NULL,'陈路西',4904,'上海','湘菜'),(12388502,NULL,'切包了',4515,'上海','云南菜'),(12750781,NULL,'gangtutu2008',4369,'上海','其他,酒吧'),(12777449,NULL,'zzyxwj',6173,'上海','其他,酒吧'),(12778885,NULL,'ninetyplus',3769,'上海','其他,酒吧'),(13084089,NULL,'sr607',5070,'上海','西餐,牛排'),(13404425,NULL,'Miss_kkong',6485,'上海','本帮江浙菜,本帮菜'),(13458519,NULL,'艺天视界',4753,'上海','其他,酒吧'),(13757701,NULL,'trinitydd',5626,'上海','本帮江浙菜,本帮菜'),(13789652,NULL,'cordialcat',4625,'上海','日本,日本料理'),(13886379,NULL,'猪头先生',5089,'上海','其他,酒吧'),(13887363,NULL,'Mimi米大',3979,'上海','西餐,牛排'),(13910295,NULL,'alexyo2008',5696,'上海','本帮江浙菜,蟹宴'),(13927901,NULL,'狮子座麒',4378,'上海','小吃快餐,生煎'),(13928762,NULL,'daiqinmax',4539,'上海','西餐,牛排'),(13992374,NULL,'boey870924',4593,'上海','湘菜'),(14088073,NULL,'忽悠大仙',5329,'上海','自助餐'),(14099082,NULL,'辻叁',4968,'上海','其他,酒吧'),(14237144,NULL,'咪咪720',5496,'上海','本帮江浙菜,本帮菜'),(14299049,NULL,'喵喵了个喵',6184,'上海','西餐,牛排'),(14309496,NULL,'zj200100',4151,'上海','本帮江浙菜,蟹宴'),(14337738,NULL,'Dorisqueenie',5845,'上海','湘菜'),(14471995,NULL,'大趋势不可逆',5022,'上海','西餐,意大利菜'),(14624589,NULL,'joycelhm',4317,'上海','日本,日本料理'),(14764117,NULL,'fandelie',6359,'上海','本帮江浙菜,杭帮菜'),(14774116,NULL,'cibwufan',3869,'上海','本帮江浙菜,蟹宴'),(14953633,NULL,'米加子_luyi',5139,'上海','小吃快餐,生煎'),(15002331,NULL,'sunsun1122',5604,'上海','云南菜'),(15124876,NULL,'jaycy83',6311,'上海','本帮江浙菜,本帮菜'),(15132975,NULL,'angellmay',3830,'上海','本帮江浙菜,本帮菜'),(15165702,NULL,'caty_le',5391,'上海','西餐,牛排'),(15354445,NULL,'jessiepoon',6180,'上海','湘菜'),(15356389,NULL,'骑着蚂蚁跳河',4660,'上海','本帮江浙菜,本帮菜'),(15422863,NULL,'Ukiiiiiiiiiiiiiiii',5099,'上海','本帮江浙菜,本帮菜'),(15582195,NULL,'xwy8179',5378,'上海','粤菜,茶餐厅'),(15741817,NULL,'mtdewpc82',4469,'上海','湘菜'),(15744541,NULL,'欲望轻骑兵',5637,'上海','西餐,意大利菜'),(15766990,NULL,'breath0hong',5052,'上海','湘菜'),(15909423,NULL,'360_yymianmi',4301,'上海','湘菜'),(16066290,NULL,'爬牙妹',5921,'上海','其他,酒吧'),(16081906,NULL,'168aa',4652,'上海','云南菜'),(17028440,NULL,'爱爱有有',4640,'上海','其他,酒吧'),(17409962,NULL,'testlv',4487,'上海','其他,酒吧'),(17484553,NULL,'chris_7979',3427,'上海','本帮江浙菜,杭帮菜'),(17585227,NULL,'叶520',5033,'上海','西餐,牛排'),(17664581,NULL,'INISSIN',3623,'上海','本帮江浙菜,本帮菜'),(17683335,NULL,'困困316',4129,'上海','本帮江浙菜,蟹宴'),(17785334,NULL,'360_瞎tm逛游',4771,'上海','本帮江浙菜,蟹宴'),(17863823,NULL,'松松7788',5309,'上海','海鲜'),(18496658,NULL,'amyhu89',4685,'上海','湘菜'),(18516986,NULL,'coco8324',3936,'上海','本帮江浙菜,本帮菜'),(18532062,NULL,'CocoChow33',5785,'上海','湘菜'),(18549129,NULL,'tracy_sunbb',5037,'上海','其他,酒吧'),(18613257,NULL,'徘徊在吃货与减肥的矛盾体',4684,'上海','其他,酒吧'),(18674955,NULL,'xunihui',4079,'上海','自助餐'),(18968631,NULL,'loulina2011',6310,'上海','本帮江浙菜,本帮菜'),(19003283,NULL,'yuyuluo1',4624,'上海','西餐,牛排'),(19044098,NULL,'Henrietta_Y331',6057,'上海','其他,酒吧'),(19107610,NULL,'幺妩',5230,'上海','其他,酒吧'),(19841082,NULL,'el莉',4985,'上海','日本,日本料理'),(19885250,NULL,'战地小记者Q',4319,'上海','本帮江浙菜,本帮菜'),(19939404,NULL,'哎呀美小姐',3960,'上海','其他,酒吧'),(20114361,NULL,'xujingaifeng',4379,'上海','西餐,牛排'),(20189265,NULL,'kela524',4953,'上海','自助餐'),(20252041,NULL,'wuyi647',5758,'上海','其他,酒吧'),(20273268,NULL,'blade328',3907,'上海','海鲜'),(20388545,NULL,'danny1966',4581,'上海','本帮江浙菜,蟹宴'),(20404176,NULL,'46毫克',5235,'上海','本帮江浙菜,本帮菜'),(20415821,NULL,'liqingqian89',5343,'上海','海鲜'),(20506849,NULL,'cherrieryj',4460,'上海','本帮江浙菜,本帮菜'),(20614620,NULL,'大眼睛的麻烦小姐',5207,'上海','湘菜'),(20870692,NULL,'hoyewpeng',4376,'上海','粤菜,茶餐厅'),(20917738,NULL,'bobabababa',4407,'上海','其他,酒吧'),(20928093,NULL,'落泪的泡沫',6509,'上海','西餐,牛排'),(21154755,NULL,'maggie190',4599,'上海','湘菜'),(21161250,NULL,'JayLeo',5270,'上海','小吃快餐,生煎'),(21165346,NULL,'我要吃乖乖',4491,'上海','本帮江浙菜,本帮菜'),(21194877,NULL,'手机用户4700',6257,'上海','海鲜'),(21225278,NULL,'添添133',3036,'上海','湘菜'),(21257382,NULL,'barbara33h1',3942,'上海','本帮江浙菜,杭帮菜'),(21408456,NULL,'梓萱0831',5890,'上海','海鲜'),(21411531,NULL,'aprilhehui',3671,'上海','本帮江浙菜,本帮菜'),(21572539,NULL,'yingying0805',5530,'上海','西餐,牛排'),(21814137,NULL,'逾越龙门',4965,'上海','西餐,牛排'),(21985683,NULL,'hl810817',5273,'上海','其他,酒吧'),(22296809,NULL,'人面兽心爱吃鱼',4808,'上海','本帮江浙菜,蟹宴'),(22501681,NULL,'阳光小拉',4650,'上海','海鲜'),(22601791,NULL,'_zhanghao_',6484,'上海','其他,酒吧'),(22936233,NULL,'飞鱼smiling',5287,'上海','自助餐'),(23214990,NULL,'zeal_xie',5228,'上海','海鲜'),(23250974,NULL,'自由散漫得猪',4706,'上海','其他,酒吧'),(23254429,NULL,'CynthiaChenReal',6526,'上海','其他,酒吧'),(23323591,NULL,'毛毛虫虫SH',5263,'上海','云南菜'),(23408328,NULL,'BEN3088',5777,'上海','湘菜'),(23623926,NULL,'2008411js',3405,'上海','湘菜'),(23861511,NULL,'羊妖鬼鬼',5321,'上海','西餐,牛排'),(23940135,NULL,'萍萍1959',7956,'上海','西餐,牛排'),(24132269,NULL,'白发如冬瓜',4483,'上海','海鲜'),(24206616,NULL,'Virgilito',4178,'上海','湘菜'),(24314959,NULL,'淘淘鱼cici',4541,'上海','海鲜'),(24347819,NULL,'2012青春',4156,'上海','海鲜'),(24379346,NULL,'sephysephy',3226,'上海','粤菜,茶餐厅'),(24494723,NULL,'keenhomkwok',5087,'上海','西餐,牛排'),(24706322,NULL,'mylanna0923',4705,'上海','其他,酒吧'),(24840704,NULL,'可可不是猪',5094,'上海','本帮江浙菜,本帮菜'),(24860761,NULL,'浅羽如枫',4521,'上海','其他,酒吧'),(25031948,NULL,'小豌豆尔',3895,'上海','本帮江浙菜,本帮菜'),(25088917,NULL,'余靓龑',5605,'上海','湘菜'),(25197927,NULL,'z小欣欣',6183,'上海','本帮江浙菜,本帮菜'),(25250658,NULL,'分红开心',3153,'上海','本帮江浙菜,蟹宴'),(25275935,NULL,'8号601',5642,'上海','西餐,意大利菜'),(25315507,NULL,'oh晓琳琳',4338,'上海','粤菜,茶餐厅'),(25413029,NULL,'unhen',6374,'上海','海鲜'),(25621096,NULL,'香格里拉凯凯',4176,'上海','西餐,牛排'),(25709114,NULL,'茱芊芊',4807,'上海','本帮江浙菜,本帮菜'),(25714423,NULL,'夜_寂寞',5294,'上海','海鲜'),(25745131,NULL,'Kefiona',4314,'上海','本帮江浙菜,本帮菜'),(25935456,NULL,'喜欢饱食的猫',4931,'上海','湘菜'),(26191523,NULL,'科学的小童童',5064,'上海','自助餐'),(26334820,NULL,'hyzc711',4368,'上海','本帮江浙菜,本帮菜'),(26402058,NULL,'Roy咯咯',5885,'上海','其他,酒吧'),(26695273,NULL,'挂剑吟',5440,'上海','湘菜'),(26714147,NULL,'ivIVivy',4234,'上海','自助餐'),(26826367,NULL,'lesou',4680,'上海','其他,酒吧'),(26842364,NULL,'zhangamber',5138,'上海','湘菜'),(26969434,NULL,'linlin361',5508,'上海','其他,酒吧'),(27015421,NULL,'Jonas__',4509,'上海','湘菜'),(27039242,NULL,'kelly芳',4760,'上海','海鲜'),(27126809,NULL,'Minnie_fox',5185,'上海','自助餐'),(27151656,NULL,'来自非洲的猪',4468,'上海','西餐,意大利菜'),(27192219,NULL,'yljyljyy',4398,'上海','海鲜'),(27386328,NULL,'阿哈KKKaty',5043,'上海','其他,酒吧'),(27499957,NULL,'Yakira1030',4382,'上海','西餐,牛排'),(27549740,NULL,'倚仗听江声',5408,'上海','粤菜,燕翅鲍'),(27573185,NULL,'monkeyqwj',5491,'上海','西餐,牛排'),(27582748,NULL,'猪噜婆',4100,'上海','其他,酒吧'),(27771060,NULL,'不多_不少',5270,'上海','其他,酒吧'),(27779866,NULL,'吃素的肉食动物',5238,'上海','本帮江浙菜,本帮菜'),(27861583,NULL,'米尔琦',5957,'上海','粤菜,茶餐厅'),(27868223,NULL,'良心大大滴坏咯',5813,'上海','海鲜'),(28109973,NULL,'maya147',5887,'上海','湘菜'),(28137533,NULL,'Claudiazoo',4535,'上海','西餐,牛排'),(28143835,NULL,'wsq168888',3640,'上海','本帮江浙菜,杭帮菜'),(28288369,NULL,'小渝子_',4749,'上海','粤菜,茶餐厅'),(28390235,NULL,'印象中的回味',5439,'上海','本帮江浙菜,本帮菜'),(28415529,NULL,'bonnie敏敏',4362,'上海','湘菜'),(28507989,NULL,'karine_ciniktry',4946,'上海','其他,酒吧'),(28773006,NULL,'lijingcen',5905,'上海','西餐,牛排'),(28884214,NULL,'银翼创世',4863,'上海','本帮江浙菜,蟹宴'),(28886877,NULL,'steven999888',5477,'上海','湘菜'),(29117559,NULL,'slideliu',4067,'上海','其他,酒吧'),(29399981,NULL,'CarolTT531',4543,'上海','湘菜'),(29810813,NULL,'吃货由由同学',5416,'上海','海鲜'),(29951245,NULL,'九云婚纱C9',4207,'上海','湘菜'),(30033432,NULL,'程祥朗',4242,'上海','西餐,牛排'),(30517398,NULL,'花漾年华toy',5565,'上海','自助餐'),(30551590,NULL,'你好我是vino',4062,'上海','湘菜'),(30582167,NULL,'光果隐',4622,'上海','新疆菜'),(30617479,NULL,'虎牌柠檬酸',5653,'上海','本帮江浙菜,本帮菜'),(31194446,NULL,'XinainaXIE',5215,'上海','湘菜'),(31540021,NULL,'爱流浪的糖猫',4110,'上海','其他,酒吧'),(31568371,NULL,'冯重华',5310,'上海','本帮江浙菜,杭帮菜'),(31588335,NULL,'星光sky',5893,'上海','海鲜'),(31656416,NULL,'vivi186',4364,'上海','湘菜'),(31974730,NULL,'圆咕隆咚胖哒',5683,'上海','其他,酒吧'),(32061840,NULL,'c1Awia',4167,'上海','海鲜'),(32413559,NULL,'静安一吃货',5232,'上海','本帮江浙菜,本帮菜'),(32626410,NULL,'银鱼飞飞',4432,'上海','其他,酒吧'),(32778849,NULL,'头发有点儿乱',4757,'上海','海鲜'),(33226545,NULL,'清水盈寒',4947,'上海','自助餐'),(33343418,NULL,'lynneeyong',4537,'上海','粤菜,茶餐厅'),(33358914,NULL,'秒杀天下美食',8024,'上海','其他,酒吧'),(33658670,NULL,'vivi小屁孩',4663,'上海','本帮江浙菜,本帮菜'),(33785150,NULL,'大鲤鱼是生姜酱',4511,'上海','自助餐'),(34120455,NULL,'不吃草的兔子1017',5119,'上海','自助餐'),(34162222,NULL,'看看看看DDDDDYYYY',4982,'上海','云南菜'),(34196858,NULL,'菜果果cc',5232,'上海','海鲜'),(34339382,NULL,'陆雪人',4306,'上海','其他,酒吧'),(34522047,NULL,'抬头满天猩',4942,'上海','海鲜'),(34551575,NULL,'kimipenguin',4788,'上海','湘菜'),(34598066,NULL,'姜皖杭Blair',4515,'上海','西餐,牛排'),(34669850,NULL,'crystal2053',4383,'上海','其他,酒吧'),(34846460,NULL,'部落酱的星空妮喵',5722,'上海','粤菜,茶餐厅'),(35121502,NULL,'dyns不是大胃王',5565,'上海','海鲜'),(35136784,NULL,'丶Ja丶',4050,'上海','本帮江浙菜,蟹宴'),(35199679,NULL,'ylch511',5458,'上海','西餐,牛排'),(35611255,NULL,'Rob88',4024,'上海','湘菜'),(35662490,NULL,'Willywill',4806,'上海','本帮江浙菜,本帮菜'),(35749076,NULL,'安鏡Inc',4438,'上海','其他,酒吧'),(35842155,NULL,'mimicat_jia',4715,'上海','其他,酒吧'),(35877788,NULL,'乐活520',5641,'上海','海鲜'),(35921681,NULL,'woaipipi7',4215,'上海','湘菜'),(35943769,NULL,'吴利平19900517',4599,'上海','西餐,牛排'),(36143019,NULL,'台北小丹尼',4824,'上海','其他,酒吧'),(36265872,NULL,'sophyljw',5731,'上海','本帮江浙菜,蟹宴'),(36287097,NULL,'urong',4678,'上海','西餐,牛排'),(36303421,NULL,'玲珑仙仙',5132,'上海','其他,酒吧'),(36903398,NULL,'小破罗',4914,'上海','本帮江浙菜,本帮菜'),(36920205,NULL,'群鑫baby',4886,'上海','本帮江浙菜,蟹宴'),(37091591,NULL,'辣椒笨笨88',5004,'上海','本帮江浙菜,本帮菜'),(37175386,NULL,'Jeef123',5413,'上海','海鲜'),(37419485,NULL,'摸鱼小卷毛',5436,'上海','西餐,牛排'),(37526945,NULL,'yayamaria',3942,'上海','本帮江浙菜,本帮菜'),(37866293,NULL,'我是吃货的师傅',5302,'上海','其他,酒吧'),(38019520,NULL,'上下九的吃货',4414,'上海','本帮江浙菜,蟹宴'),(38047988,NULL,'糖8400',4400,'上海','本帮江浙菜,杭帮菜'),(38257920,NULL,'一缕相思董琼',4227,'上海','西餐,牛排'),(38275887,NULL,'Dear达令',4248,'上海','粤菜,茶餐厅'),(38323035,NULL,'Cruea_',4607,'上海','其他,酒吧'),(38458257,NULL,'风起落',4207,'上海','其他,酒吧'),(38479105,NULL,'苏坡wetoria',4003,'上海','湘菜'),(38836148,NULL,'康桥城中花园',4836,'上海','其他,酒吧'),(39171566,NULL,'旋风的一家',4512,'上海','西餐,牛排'),(39452627,NULL,'Smudgie17',4680,'上海','湘菜'),(39600643,NULL,'娃娃780728',4459,'上海','日本,日本料理'),(39685580,NULL,'UUmummy',5044,'上海','湘菜'),(39846378,NULL,'欧阳雪黎',5502,'上海','本帮江浙菜,本帮菜'),(40045483,NULL,'春0307',4390,'上海','本帮江浙菜,本帮菜'),(40153777,NULL,'Iwan011',4788,'上海','湘菜'),(40284486,NULL,'Vito丶',4796,'上海','西餐,牛排'),(40304905,NULL,'xuhaiyong210',4155,'上海','西餐,意大利菜'),(40893532,NULL,'candy85228',4363,'上海','湘菜'),(40972027,NULL,'鬼王127',4564,'上海','海鲜'),(40999755,NULL,'jamesfan888',5495,'上海','本帮江浙菜,本帮菜'),(41152356,NULL,'socallme',4548,'上海','新疆菜'),(41258665,NULL,'tylerccccl',5518,'上海','其他,酒吧'),(41277290,NULL,'Shawnleeee',5616,'上海','西餐,牛排'),(41333839,NULL,'Bonnie_lovely',6387,'上海','湘菜'),(41439116,NULL,'Jeana2015',4959,'上海','其他,酒吧'),(41704937,NULL,'liuwei010928',4660,'上海','西餐,牛排'),(41998234,NULL,'小乐惠666666',4468,'上海','本帮江浙菜,本帮菜'),(42531959,NULL,'coloroad',4932,'上海','本帮江浙菜,本帮菜'),(42573082,NULL,'guinter',5897,'上海','西餐,牛排'),(42663255,NULL,'小石学长',4208,'上海','本帮江浙菜,本帮菜'),(42692947,NULL,'xyk0225',5087,'上海','本帮江浙菜,杭帮菜'),(42750092,NULL,'Nicole678',5044,'上海','西餐,牛排'),(42877127,NULL,'jiyan_nini',4355,'上海','本帮江浙菜,本帮菜'),(43215671,NULL,'狮子yys',5621,'上海','西餐,牛排'),(43437214,NULL,'amyluyanhua',4493,'上海','海鲜'),(43516738,NULL,'lyy0808',5558,'上海','本帮江浙菜,杭帮菜'),(43582445,NULL,'yazhaifurentouzi',5514,'上海','西餐,意大利菜'),(43752328,NULL,'板板wu',4531,'上海','海鲜'),(43890357,NULL,'Carrie_Jx',5488,'上海','湘菜'),(44024346,NULL,'不开心的猫咪',4009,'上海','湘菜'),(44171261,NULL,'Elvachen06',4798,'上海','西餐,牛排'),(44640860,NULL,'notcbooh',5183,'上海','粤菜,茶餐厅'),(45114864,NULL,'youyoudianpin777',4848,'上海','本帮江浙菜,本帮菜'),(45275264,NULL,'cindyzxy_loreal',5557,'上海','自助餐'),(45470219,NULL,'neilning3',5104,'上海','本帮江浙菜,本帮菜'),(45695853,NULL,'侯伯王爱面子',4523,'上海','本帮江浙菜,本帮菜'),(46524992,NULL,'shemema',5338,'上海','西餐,牛排'),(46891011,NULL,'12803594_51返',5031,'上海','本帮江浙菜,本帮菜'),(46917404,NULL,'大华天泉',4463,'上海','西餐,牛排'),(47155975,NULL,'剑风x',5181,'上海','海鲜'),(47305033,NULL,'Maskcool2',3903,'上海','西餐,牛排'),(47510261,NULL,'神行者2013',5800,'上海','本帮江浙菜,本帮菜'),(47692919,NULL,'冲动的吐司',4362,'上海','西餐,意大利菜'),(47905912,NULL,'他们叫我小四',4295,'上海','本帮江浙菜,本帮菜'),(48200056,NULL,'桃子小Tina',5683,'上海','湘菜'),(49019443,NULL,'Dacaner',4771,'上海','海鲜'),(49117980,NULL,'1111白白白白',4730,'上海','本帮江浙菜,本帮菜'),(49222748,NULL,'小薛薛小王王',3259,'上海','本帮江浙菜,杭帮菜'),(49333421,NULL,'西腔如如',5134,'上海','本帮江浙菜,本帮菜'),(49620190,NULL,'Gaiagroup盖亚集团',4745,'上海','西餐,意大利菜'),(49735209,NULL,'风_9460',5172,'上海','本帮江浙菜,杭帮菜'),(49925558,NULL,'喬豆豆',4538,'上海','其他,酒吧'),(50007518,NULL,'kking6565',5119,'上海','本帮江浙菜,本帮菜'),(50068751,NULL,'jokulscr',4293,'上海','其他,酒吧'),(50370800,NULL,'W_engela甜甜',4902,'上海','湘菜'),(50713778,NULL,'熊妈妮',5110,'上海','海鲜'),(50771642,NULL,'我你她888',4566,'上海','海鲜'),(50858023,NULL,'天天想要出去吃',5177,'上海','西餐,牛排'),(51037765,NULL,'WeiXin_7393686630',4795,'上海','自助餐'),(51752879,NULL,'小吃货is阿靓',5312,'上海','本帮江浙菜,本帮菜'),(51765654,NULL,'Janefang1110',4574,'上海','本帮江浙菜,本帮菜'),(51877020,NULL,'dpuser_17961114818',6154,'上海','本帮江浙菜,本帮菜'),(51883800,NULL,'janetzzzzzz',4883,'上海','本帮江浙菜,本帮菜'),(52017755,NULL,'零下30度吃雪糕',5185,'上海','湘菜'),(52062332,NULL,'西瓜_momo',5470,'上海','湘菜'),(52120116,NULL,'asapangela',3940,'上海','自助餐'),(52243580,NULL,'MajorTomisHere',4875,'上海','湘菜'),(52499111,NULL,'2号风',5937,'上海','海鲜'),(52725826,NULL,'假如可以_206',5153,'上海','湘菜'),(53195196,NULL,'dpuser_11952745498',4821,'上海','其他,酒吧'),(53334541,NULL,'声声不息_4386',5064,'上海','本帮江浙菜,本帮菜'),(53410327,NULL,'晨光明妹',4540,'上海','其他,酒吧'),(53422814,NULL,'你与我相似ss',4929,'上海','本帮江浙菜,本帮菜'),(53487514,NULL,'Sina_2241848220',5704,'上海','其他,酒吧'),(53528705,NULL,'逍遥游72',6062,'上海','本帮江浙菜,本帮菜'),(53653089,NULL,'谢传荣',5404,'上海','其他,酒吧'),(53924318,NULL,'touchdownjjj',5091,'上海','其他,酒吧'),(53930806,NULL,'西龙妈',4741,'上海','其他,酒吧'),(53940015,NULL,'消融_菲',5457,'上海','海鲜'),(54280624,NULL,'Kim感冒了',6037,'上海','湘菜'),(54502162,NULL,'Tuan800_9741858868',3880,'上海','本帮江浙菜,本帮菜'),(54878747,NULL,'Alvin_1015',3140,'上海','自助餐'),(54947097,NULL,'vivian_wing07',5164,'上海','西餐,牛排'),(55172528,NULL,'dpuser_02867713398',4738,'上海','西餐,意大利菜'),(55312029,NULL,'dpuser_06943443863',5094,'上海','本帮江浙菜,本帮菜'),(55746780,NULL,'dpuser_72737023993',4377,'上海','湘菜'),(55950733,NULL,'包子她爹',6004,'上海','本帮江浙菜,本帮菜'),(56110487,NULL,'Hulalalllll',4785,'上海','其他,酒吧'),(56635045,NULL,'kikojay2015',5687,'上海','其他,酒吧'),(56717612,NULL,'dpuser_81845098181',6365,'上海','海鲜'),(56803450,NULL,'Anni21188',4802,'上海','粤菜,茶餐厅'),(57256667,NULL,'dpuser_77946520831',4726,'上海','湘菜'),(57506128,NULL,'dpuser_68464582256',4504,'上海','本帮江浙菜,杭帮菜'),(58151785,NULL,'silviazying',4626,'上海','湘菜'),(58375332,NULL,'yunzhengxiawei',4452,'上海','其他,酒吧'),(58963170,NULL,'YOuBuLi',5758,'上海','湘菜'),(59180104,NULL,'WeiXin_1015696490',4464,'上海','粤菜,茶餐厅'),(59245963,NULL,'派大星chris',5001,'上海','粤菜,茶餐厅'),(59848521,NULL,'yymm吃吃吃',4347,'上海','湘菜'),(60717310,NULL,'小骐骥',5254,'上海','其他,酒吧'),(61136363,NULL,'呱囡囡1柒',5617,'上海','西餐,牛排'),(62105971,NULL,'大NOR',4943,'上海','其他,酒吧'),(63073409,NULL,'陌生的习惯vv',5922,'上海','海鲜'),(63145144,NULL,'Vera_Wong1017',3159,'上海','自助餐'),(63719928,NULL,'shefiey',6550,'上海','湘菜'),(64357917,NULL,'侯培东',5521,'上海','其他,酒吧'),(65339819,NULL,'泡崖散人_664',4613,'上海','本帮江浙菜,本帮菜'),(66211157,NULL,'e家大脸猫',5111,'上海','其他,酒吧'),(68432410,NULL,'wanghuaiyin_8299',4676,'上海','其他,酒吧'),(68635547,NULL,'dpuser_59095277674',4898,'上海','本帮江浙菜,杭帮菜'),(69666930,NULL,'元元_7574',5033,'上海','海鲜'),(69851432,NULL,'旅游圈的老王',4869,'上海','其他,酒吧'),(76829709,NULL,'吃货在上海Zoe',4854,'上海','本帮江浙菜,蟹宴'),(77663952,NULL,'Weixin_7745822154',5033,'上海','其他,酒吧'),(77763521,NULL,'hollyotato',4223,'上海','湘菜'),(81021145,NULL,'Qzone_3726090251',3833,'上海','其他,酒吧'),(83394172,NULL,'健康快乐8800',3656,'上海','自助餐'),(85474939,NULL,'WeiXin_0576647494',4135,'上海','新疆菜'),(85738004,NULL,'dpuser_84914032676',5076,'上海','本帮江浙菜,本帮菜'),(87701639,NULL,'dpuser_49146235933',4929,'上海','粤菜,茶餐厅'),(87942604,NULL,'8332663_51返利',4215,'上海','本帮江浙菜,杭帮菜'),(88101034,NULL,'47981592_51返',4797,'上海','西餐,牛排'),(89927583,NULL,'Sophityun',5730,'上海','西餐,牛排'),(90751558,NULL,'小明主席',5526,'上海','其他,酒吧'),(91442615,NULL,'hly005',5112,'上海','本帮江浙菜,杭帮菜'),(91751571,NULL,'番茄炒蛋vs蛋炒番茄',5847,'上海','新疆菜'),(92996673,NULL,'Weixin_9252769906',5500,'上海','海鲜'),(96200084,NULL,'user_9122',4630,'上海','西餐,牛排'),(97985066,NULL,'Dorami叮铃',3697,'上海','西餐,牛排'),(97991913,NULL,'S非主流',5238,'上海','海鲜'),(99066073,NULL,'Baby乖乖乖',4968,'上海','其他,酒吧'),(99136862,NULL,'野蛮女友070215',5231,'上海','本帮江浙菜,蟹宴'),(103728172,NULL,'薄荷膏斯基',4752,'上海','其他,酒吧'),(107833870,NULL,'张兮兮和顾咪咪',5314,'上海','本帮江浙菜,本帮菜'),(109626328,NULL,'dpuser_08222192652',4659,'上海','其他,酒吧'),(110037510,NULL,'dpuser_06813072221',5517,'上海','本帮江浙菜,蟹宴'),(110416712,NULL,'dpuser_66526200138',5830,'上海','其他,酒吧'),(110556589,NULL,'囡囡想减肥',3880,'上海','本帮江浙菜,本帮菜'),(110640814,NULL,'dpuser_40472904884',4975,'上海','其他,酒吧'),(111680649,NULL,'dpuser_49298169359',6204,'上海','西餐,牛排'),(111906588,NULL,'dpuser_26871868906',3760,'上海','粤菜,茶餐厅'),(112573229,NULL,'北岛主权',4610,'上海','自助餐'),(113056715,NULL,'埃斯米拉达Estrella',4487,'上海','本帮江浙菜,本帮菜'),(113705298,NULL,'dpuser_24659384444',3962,'上海','本帮江浙菜,本帮菜'),(114073458,NULL,'busy_PA',5464,'上海','其他,酒吧'),(114836899,NULL,'追寻简单的东西',4375,'上海','海鲜'),(115437143,NULL,'老爷F',4945,'上海','西餐,牛排'),(118137177,NULL,'qzuser琪琪0814',4296,'上海','粤菜,燕翅鲍'),(118149173,NULL,'dpuser_29028670110',5262,'上海','西餐,牛排'),(118814456,NULL,'笑眼盈盈',3837,'上海','粤菜,茶餐厅'),(119826471,NULL,'loop_77',3879,'上海','其他,酒吧'),(119990119,NULL,'海棠神叶',4370,'上海','自助餐'),(121097083,NULL,'cagallizj',4967,'上海','西餐,牛排'),(121572809,NULL,'宝宝儿妹妹',3594,'上海','湘菜'),(122493520,NULL,'Windone2015',4862,'上海','湘菜'),(122979878,NULL,'萌萌呆呆哒',4586,'上海','本帮江浙菜,杭帮菜'),(123889046,NULL,'dpuser_75591016599',4260,'上海','自助餐'),(124805248,NULL,'舒芙蕾也有春天',4131,'上海','湘菜'),(125028040,NULL,'dpuser_68438144833',5317,'上海','海鲜'),(125915807,NULL,'dpuser_76247671525',4743,'上海','西餐,牛排'),(126547102,NULL,'dpuser_40784856795',5723,'上海','本帮江浙菜,杭帮菜'),(127703211,NULL,'幸福的旁边82',5667,'上海','本帮江浙菜,本帮菜'),(128002762,NULL,'Weixin_9657102097',3861,'上海','本帮江浙菜,本帮菜'),(130821954,NULL,'QQ_4782572575',5022,'上海','云南菜'),(130840442,NULL,'dpuser_18841748643',4041,'上海','本帮江浙菜,蟹宴'),(133142810,NULL,'吃吃吃胖瘦',5097,'上海','西餐,牛排'),(135882201,NULL,'lee1616n',5180,'上海','其他,酒吧'),(136395074,NULL,'CHANEL刘兴悦',4314,'上海','其他,酒吧'),(136912741,NULL,'dpuser_13084284787',5405,'上海','海鲜'),(137582341,NULL,'喵小咪熙熙',5147,'上海','西餐,牛排'),(140884408,NULL,'车上留有微微余震丶',5316,'上海','本帮江浙菜,蟹宴'),(141306341,NULL,'雨文_5562',4603,'上海','本帮江浙菜,本帮菜'),(141686731,NULL,'小冷二',4905,'上海','湘菜'),(143599152,NULL,'houwc',4627,'上海','湘菜'),(143948802,NULL,'dpuser_88730217199',5544,'上海','西餐,牛排'),(144019827,NULL,'dpuser_46767526545',5063,'上海','本帮江浙菜,杭帮菜'),(144138509,NULL,'Isabel_8045',4621,'上海','本帮江浙菜,本帮菜'),(144337532,NULL,'JL0804',5010,'上海','其他,酒吧'),(148270881,NULL,'漫爱好者',4243,'上海','自助餐'),(148331000,NULL,'Stone小PP',4480,'上海','湘菜'),(148403413,NULL,'胖头鱼250',4484,'上海','其他,酒吧'),(152618252,NULL,'my_fantasy',5443,'上海','湘菜'),(157489124,NULL,'dpuser_39079948976',3932,'上海','本帮江浙菜,杭帮菜'),(161024706,NULL,'yuanlizzy',3764,'上海','海鲜'),(161279122,NULL,'dpuser_73882612221',3789,'上海','本帮江浙菜,蟹宴'),(161977551,NULL,'dpuser_48987857631',4581,'上海','本帮江浙菜,本帮菜'),(162459146,NULL,'dpuser_1883996408',5247,'上海','湘菜'),(164704643,NULL,'dpuser_8104787487',5205,'上海','本帮江浙菜,本帮菜'),(166510979,NULL,'aaBBQBBC',4044,'上海','其他,酒吧'),(171055780,NULL,'红颜祸水吗',4483,'上海','其他,酒吧'),(173092318,NULL,'茜茜公主A',5230,'上海','其他,酒吧'),(173117457,NULL,'辛巴0324',5372,'上海','西餐,牛排'),(174906117,NULL,'Dingyehua',5830,'上海','其他,酒吧'),(176160011,NULL,'每天都要棒棒哒',4168,'上海','湘菜'),(176401122,NULL,'dpuser_10600315803',5779,'上海','本帮江浙菜,本帮菜'),(178216498,NULL,'食客家族王',5635,'上海','湘菜'),(179625865,NULL,'婷宝_3738',4529,'上海','海鲜'),(179786994,NULL,'陈柏静',4935,'上海','本帮江浙菜,杭帮菜'),(182999069,NULL,'梅子_3849',4319,'上海','本帮江浙菜,本帮菜'),(183925097,NULL,'dpuser_牧马人',4255,'上海','海鲜'),(184101745,NULL,'dpuser_33435750423',4072,'上海','湘菜'),(184113880,NULL,'rayanopig',5231,'上海','本帮江浙菜,本帮菜'),(184128178,NULL,'刘依敏_7184',3235,'上海','本帮江浙菜,杭帮菜'),(184265016,NULL,'谁把好心情点亮',5163,'上海','其他,酒吧'),(185707880,NULL,'Josephzhuang',5084,'上海','湘菜'),(187155532,NULL,'C家小妞',5180,'上海','自助餐'),(188469793,NULL,'风月团瓢',4027,'上海','本帮江浙菜,蟹宴'),(188933791,NULL,'Valennnn',6032,'上海','湘菜'),(189382190,NULL,'dpuser_63646169352',5844,'上海','新疆菜'),(189598760,NULL,'安璇沐',5330,'上海','自助餐'),(189915736,NULL,'ciccio19982002',4024,'上海','湘菜'),(190043412,NULL,'zj8335',4171,'上海','其他,酒吧'),(190471250,NULL,'吴世聪_550',4969,'上海','本帮江浙菜,杭帮菜'),(193623864,NULL,'Shanghai_吃货1973',3098,'上海','湘菜'),(193711617,NULL,'泽怒',4753,'上海','云南菜'),(195126517,NULL,'抱香2206',6173,'上海','西餐,牛排'),(202624683,NULL,'QI_202624683',5560,'上海','本帮江浙菜,蟹宴'),(231865980,NULL,'QI_231865980',4997,'上海','湘菜'),(252555058,NULL,'pink鼠',4102,'上海','其他,酒吧'),(266784602,NULL,'Streng小强',6659,'上海','海鲜'),(325952059,NULL,'QI_325952059',5020,'上海','西餐,牛排'),(461404687,NULL,'QI_461404687',5136,'上海','海鲜'),(499759025,NULL,'QI_499759025',4002,'上海','其他,酒吧'),(556137965,NULL,'QI_556137965',6429,'上海','本帮江浙菜,杭帮菜'),(580291923,NULL,'QI_580291923',5572,'上海','湘菜'),(711311580,NULL,'qw3679531',3860,'上海','本帮江浙菜,蟹宴'),(720141089,NULL,'Li_111111',5186,'上海','本帮江浙菜,本帮菜'),(720510454,NULL,'dpuser_0507996287',4621,'上海','西餐,意大利菜'),(721362467,NULL,'dpuser_22757934204',4466,'上海','粤菜,茶餐厅'),(750420044,NULL,'pink23232323',4937,'上海','其他,酒吧'),(753351566,NULL,'Elise_漆泽芳',4857,'上海','其他,酒吧'),(753807396,NULL,'dpuser_62985991860',6087,'上海','西餐,牛排'),(754266065,NULL,'___安好',4096,'上海','西餐,牛排'),(755093339,NULL,'dpuser_3845008575',4153,'上海','自助餐'),(755508535,NULL,'dpuser_75515135969',5570,'上海','海鲜'),(755516029,NULL,'dpuser_51995725897',5570,'上海','海鲜'),(755550485,NULL,'雪梨luckmmm',5224,'上海','湘菜'),(756928926,NULL,'stone_lily',5071,'上海','自助餐'),(758615722,NULL,'Coco_6666688888',4237,'上海','海鲜'),(758682795,NULL,'cheer07',5269,'上海','湘菜'),(760363352,NULL,'Jill吉吉',5402,'上海','西餐,牛排'),(760514604,NULL,'dpuser_0358230250',5604,'上海','本帮江浙菜,蟹宴'),(760886053,NULL,'Mia_6082',3754,'上海','本帮江浙菜,本帮菜'),(762208774,NULL,'息紫静',5847,'上海','湘菜'),(763150339,NULL,'dpuser_28668915563',4800,'上海','湘菜'),(763247419,NULL,'V希特V',5344,'上海','其他,酒吧'),(767883351,NULL,'WeiXin_5115977430',6267,'上海','本帮江浙菜,本帮菜'),(768210200,NULL,'DJ坤仔',4307,'上海','粤菜,燕翅鲍'),(768493388,NULL,'dpuser_43348690611',5081,'上海','本帮江浙菜,蟹宴'),(770725485,NULL,'可爱小图片',4722,'上海','海鲜'),(772811709,NULL,'JustinPhanG',5597,'上海','湘菜'),(775053208,NULL,'花草树木鱼',3236,'上海','粤菜,茶餐厅'),(780520570,NULL,'大保哥哥',5544,'上海','其他,酒吧'),(788308245,NULL,'dp788308245',3636,'上海','粤菜,茶餐厅'),(789588924,NULL,'dpuser_2241444137',5994,'上海','本帮江浙菜,本帮菜'),(790981927,NULL,'雨爱泪的魂',3365,'上海','粤菜,燕翅鲍'),(792209034,NULL,'普罗亚丽',4525,'上海','湘菜'),(792398223,NULL,'dpuser_55091037172',4507,'上海','海鲜'),(795194895,NULL,'weiwei_9778',4369,'上海','本帮江浙菜,杭帮菜');

/*Table structure for table `userfoot` */

DROP TABLE IF EXISTS `userfoot`;

CREATE TABLE `userfoot` (
  `uid` int(11) DEFAULT NULL,
  `fid` int(11) DEFAULT NULL
) ENGINE=InnoDB DEFAULT CHARSET=utf8;

/*Data for the table `userfoot` */

insert  into `userfoot`(`uid`,`fid`) values (77669,0),(789588924,1),(755508535,2),(461404687,3),(266784602,4),(125028040,5),(97991913,6),(37175386,7),(34522047,8),(33358914,9),(28773006,10),(12777449,11),(23940135,12),(5913878,13),(11616741,14),(76645,15);

/*!40101 SET SQL_MODE=@OLD_SQL_MODE */;
/*!40014 SET FOREIGN_KEY_CHECKS=@OLD_FOREIGN_KEY_CHECKS */;
/*!40014 SET UNIQUE_CHECKS=@OLD_UNIQUE_CHECKS */;
/*!40111 SET SQL_NOTES=@OLD_SQL_NOTES */;
